post_title,regular_price,price_excl_tax,product_cat,post_status,post_type,sku
Podložka ABS Čidlo 0.05MM originální díl,5.67 €,3.69 €,Brzdy,publish,product,podložka-abs-čidlo-0.05mm-originální-díl
Podložka ABS Čidlo 0.10MM originální díl,5.67 €,3.69 €,Brzdy,publish,product,podložka-abs-čidlo-0.10mm-originální-díl
Podložka ABS Čidlo 0.20MM originální díl,5.67 €,3.69 €,Brzdy,publish,product,podložka-abs-čidlo-0.20mm-originální-díl
Podložka ABS Čidlo 0.30MM originální díl,5.67 €,3.69 €,Brzdy,publish,product,podložka-abs-čidlo-0.30mm-originální-díl
Podložka ABS Čidlo 0.40MM originální díl,5.67 €,3.69 €,Brzdy,publish,product,podložka-abs-čidlo-0.40mm-originální-díl
Podložka ABS Čidlo 0.50MM originální díl,5.67 €,3.69 €,Brzdy,publish,product,podložka-abs-čidlo-0.50mm-originální-díl
Podložka ABS Čidlo 1.00MM originální díl,5.67 €,3.69 €,Brzdy,publish,product,podložka-abs-čidlo-1.00mm-originální-díl
Podložka ABS Čidlo 0.07MM originální díl,4.83 €,3.14 €,Brzdy,publish,product,podložka-abs-čidlo-0.07mm-originální-díl
plasty Držák ABS,0.92 €,0.45 €,Brzdy,publish,product,plasty-držák-abs
Čidlo ABS TMX,71.19 €,46.30 €,Brzdy,publish,product,čidlo-abs-tmx
Čidlo ABS TMX,50.44 €,32.81 €,Brzdy,publish,product,čidlo-abs-tmx
Čidlo ABS TMX,50.44 €,32.81 €,Brzdy,publish,product,čidlo-abs-tmx
Čidlo ABS TMX,56.31 €,36.62 €,Brzdy,publish,product,čidlo-abs-tmx
Čidlo ABS TMX,56.31 €,36.62 €,Brzdy,publish,product,čidlo-abs-tmx
Čidlo ABS TMX,56.31 €,36.62 €,Brzdy,publish,product,čidlo-abs-tmx
ABS senzor,86.57 €,52.79 €,Brzdy,publish,product,abs-senzor
Šroub originální díl M8X1.25X30MM,2.46 €,1.60 €,Brzdy,publish,product,šroub-originální-díl-m8x1.25x30mm
Šroub ABS senzoru originální díl M5X0.8X10MM,3.55 €,2.31 €,Brzdy,publish,product,šroub-abs-senzoru-originální-díl-m5x0.8x10mm
Šroub Brzdový kotouč originální díl M8X1.25X24MM,6.13 €,3.98 €,Brzdy,publish,product,šroub-brzdový-kotouč-originální-díl-m8x1.25x24mm
Šroub brzdového kotouče originální díl M6X1.0X20MM,1.32 €,0.86 €,Brzdy,publish,product,šroub-brzdového-kotouče-originální-díl-m6x1.0x20mm
Šroub brzdového kotouče originální díl M8X1.25X26MM,2.04 €,1.33 €,Brzdy,publish,product,šroub-brzdového-kotouče-originální-díl-m8x1.25x26mm
Šroub brzdového kotouče originální díl M6X1.0X20MM,3.71 €,2.42 €,Brzdy,publish,product,šroub-brzdového-kotouče-originální-díl-m6x1.0x20mm
Šroub originální díl M6X1.00X20MM,1.59 €,1.03 €,Brzdy,publish,product,šroub-originální-díl-m6x1.00x20mm
Šroub Brzdový kotouč originální díl M6X1X16MM,2.84 €,1.85 €,Brzdy,publish,product,šroub-brzdový-kotouč-originální-díl-m6x1x16mm
Šroub Brzdový kotouč originální díl M6X1X19MM,3.28 €,2.14 €,Brzdy,publish,product,šroub-brzdový-kotouč-originální-díl-m6x1x19mm
Šroub brzdového kotouče originální díl M6X1.0X26MM,3.28 €,2.14 €,Brzdy,publish,product,šroub-brzdového-kotouče-originální-díl-m6x1.0x26mm
Šroub brzdového kotouče originální díl M8X1.25X30MM,3.95 €,2.57 €,Brzdy,publish,product,šroub-brzdového-kotouče-originální-díl-m8x1.25x30mm
Šroub Brzdový kotouč originální díl M8X1.25X25MM,4.10 €,2.66 €,Brzdy,publish,product,šroub-brzdový-kotouč-originální-díl-m8x1.25x25mm
Šroub brzdového kotouče originální díl M6X1.0X25MM,1.91 €,1.24 €,Brzdy,publish,product,šroub-brzdového-kotouče-originální-díl-m6x1.0x25mm
Šroub Brzdový kotouč originální díl M8X1.25X25MM,1.72 €,1.12 €,Brzdy,publish,product,šroub-brzdový-kotouč-originální-díl-m8x1.25x25mm
Additiv E10 150 ml Liqui Moly,10.30 €,5.86 €,Dílenský spotřební materiál a chemie,publish,product,additiv-e10-150-ml-liqui-moly
REINIGER BENZIN motocyklový 300ML Liqui Moly,17.32 €,9.86 €,Dílenský spotřební materiál a chemie,publish,product,reiniger-benzin-motocyklový-300ml-liqui-moly
Additiv Katalysator Schutz 300 ml Liqui Moly,18.12 €,10.31 €,Dílenský spotřební materiál a chemie,publish,product,additiv-katalysator-schutz-300-ml-liqui-moly
Reiniger INJEKTION 120ML DIREKT za LINE LM,16.16 €,9.20 €,Dílenský spotřební materiál a chemie,publish,product,reiniger-injektion-120ml-direkt-za-line-lm
Čistič karburátorů 300 ml Liqui Moly MTX,10.85 €,6.17 €,Dílenský spotřební materiál a chemie,publish,product,čistič-karburátorů-300-ml-liqui-moly-mtx
Injektorreiniger 300 ml Liqui Moly,16.89 €,9.61 €,Dílenský spotřební materiál a chemie,publish,product,injektorreiniger-300-ml-liqui-moly
Speciální čistič 3-2 2L pro karburátory,103.75 €,67.48 €,Dílenský spotřební materiál a chemie,publish,product,speciální-čistič-3-2-2l-pro-karburátory
Čistič karburátorů 1 lit.,27.06 €,13.20 €,Dílenský spotřební materiál a chemie,publish,product,čistič-karburátorů-1-lit.
Čistič paliva 200ML MTL alternativa 7140661,28.66 €,13.98 €,Dílenský spotřební materiál a chemie,publish,product,čistič-paliva-200ml-mtl-alternativa-7140661
ADDITIV Čistič 250ML alternativa 7140559,11.81 €,5.76 €,Dílenský spotřební materiál a chemie,publish,product,additiv-čistič-250ml-alternativa-7140559
Profi Fuel Max PFM 150 ml,14.40 €,8.20 €,Dílenský spotřební materiál a chemie,publish,product,profi-fuel-max-pfm-150-ml
Additiv Octane Booster 200 ml Liqui Moly,13.43 €,7.64 €,Dílenský spotřební materiál a chemie,publish,product,additiv-octane-booster-200-ml-liqui-moly
Additiv Katalysator Schutz 300 ml Liqui Moly,18.12 €,10.31 €,Dílenský spotřební materiál a chemie,publish,product,additiv-katalysator-schutz-300-ml-liqui-moly
Ventil SAUBER 150ML LM,7.60 €,4.33 €,Dílenský spotřební materiál a chemie,publish,product,ventil-sauber-150ml-lm
Luftmassensensor-Reiniger 200 ml alternativa 5570297,12.42 €,7.07 €,Dílenský spotřební materiál a chemie,publish,product,luftmassensensor-reiniger-200-ml-alternativa-5570297
KONTRASTM Olej+BENZ 6X30ML UV Tracer DYES,97.79 €,63.60 €,Dílenský spotřební materiál a chemie,publish,product,kontrastm-olej+benz-6x30ml-uv-tracer-dyes
Additiv Hybrid 250 ml Liqui Moly,12.20 €,6.94 €,Dílenský spotřební materiál a chemie,publish,product,additiv-hybrid-250-ml-liqui-moly
Speed Benzinadditiv 1 Liter Liqui Moly alternativa 7140659,21.84 €,12.43 €,Dílenský spotřební materiál a chemie,publish,product,speed-benzinadditiv-1-liter-liqui-moly-alternativa-7140659
Stabilizátor benzínu 250 ml Liqui Moly,13.65 €,7.77 €,Dílenský spotřební materiál a chemie,publish,product,stabilizátor-benzínu-250-ml-liqui-moly
Čistič paliva 200ML MTL alternativa 7140661,28.66 €,13.98 €,Dílenský spotřební materiál a chemie,publish,product,čistič-paliva-200ml-mtl-alternativa-7140661
Benzinadditiv 250 ml alternativa 5588298,11.81 €,5.76 €,Dílenský spotřební materiál a chemie,publish,product,benzinadditiv-250-ml-alternativa-5588298
Korrosionsadditiv 250 ml alternativa 7140557,13.89 €,6.77 €,Dílenský spotřební materiál a chemie,publish,product,korrosionsadditiv-250-ml-alternativa-7140557
ADDITIV Čistič 250ML alternativa 7140559,11.81 €,5.76 €,Dílenský spotřební materiál a chemie,publish,product,additiv-čistič-250ml-alternativa-7140559
Profi Fuel Max PFM 150 ml,14.40 €,8.20 €,Dílenský spotřební materiál a chemie,publish,product,profi-fuel-max-pfm-150-ml
Korrosionsadditiv 250 ml alternativa 7140557,13.89 €,6.77 €,Dílenský spotřební materiál a chemie,publish,product,korrosionsadditiv-250-ml-alternativa-7140557
Additiv Benzin Bleiersatz 250 ml Liqui Moly Dosierflasche,11.17 €,6.36 €,Dílenský spotřební materiál a chemie,publish,product,additiv-benzin-bleiersatz-250-ml-liqui-moly-dosierflasche
Speed Tec Benzinadditiv 250 ml Liqui Moly,11.75 €,6.69 €,Dílenský spotřební materiál a chemie,publish,product,speed-tec-benzinadditiv-250-ml-liqui-moly
Benzin Systempflege 300 ml Liqui Moly,13.99 €,7.96 €,Dílenský spotřební materiál a chemie,publish,product,benzin-systempflege-300-ml-liqui-moly
Benzin Systemreiniger 500 ml za LINE LM,25.76 €,14.66 €,Dílenský spotřební materiál a chemie,publish,product,benzin-systemreiniger-500-ml-za-line-lm
Additiv Octane Booster 200 ml Liqui Moly,13.43 €,7.64 €,Dílenský spotřební materiál a chemie,publish,product,additiv-octane-booster-200-ml-liqui-moly
Baterie 9V Ni-MH Varta 1er Blister Recharge Accu Power,13.43 €,8.74 €,Elektro,publish,product,baterie-9v-ni-mh-varta-1er-blister-recharge-accu-power
Baterie 9V Lithium-Ionen 1er Blister Ultra Lithium-Ionen,13.07 €,9.04 €,Elektro,publish,product,baterie-9v-lithium-ionen-1er-blister-ultra-lithium-ionen
Baterie 9V Longlife EX 1er Blister Longlife,3.44 €,1.82 €,Elektro,publish,product,baterie-9v-longlife-ex-1er-blister-longlife
Baterie 9V High Energy 1er Blister LL POW MQ 1566002,4.54 €,2.40 €,Elektro,publish,product,baterie-9v-high-energy-1er-blister-ll-pow-mq-1566002
Baterie 9V BLOCK UD 1er Blister Varta 1560200,2.40 €,1.56 €,Elektro,publish,product,baterie-9v-block-ud-1er-blister-varta-1560200
Baterie Mignon Solar Varta 2er BLI Solar,6.19 €,3.27 €,Elektro,publish,product,baterie-mignon-solar-varta-2er-bli-solar
Baterie Mignon Ni-MH Varta 4er Blister Recharge Accu Power,20.66 €,13.44 €,Elektro,publish,product,baterie-mignon-ni-mh-varta-4er-blister-recharge-accu-power
Baterie MIGNON AA VA 4er Blister Longlife Max Power,5.29 €,2.80 €,Elektro,publish,product,baterie-mignon-aa-va-4er-blister-longlife-max-power
Baterie MIGNON AA VA 4er Blister LL POW MQ 1566000,4.06 €,2.15 €,Elektro,publish,product,baterie-mignon-aa-va-4er-blister-ll-pow-mq-1566000
Baterie MIGNON AA VA 4er Blister Longlife,3.63 €,1.92 €,Elektro,publish,product,baterie-mignon-aa-va-4er-blister-longlife
Baterie Mignon Lithium-Ionen 4 PACK ULTRA LITHIUM,11.37 €,7.39 €,Elektro,publish,product,baterie-mignon-lithium-ionen-4-pack-ultra-lithium
Baterie Mignon Ni-MH Varta 4er Blister Recharge Accu Power,14.46 €,9.41 €,Elektro,publish,product,baterie-mignon-ni-mh-varta-4er-blister-recharge-accu-power
Baterie Mignon Ni-MH Varta 2er Blister Recharge Accu Power,7.74 €,5.03 €,Elektro,publish,product,baterie-mignon-ni-mh-varta-2er-blister-recharge-accu-power
Baterie MIGNON AA UD 4er Blister Varta 1560123,2.39 €,1.55 €,Elektro,publish,product,baterie-mignon-aa-ud-4er-blister-varta-1560123
Baterie V76PX 1er Blister Silver,3.05 €,1.61 €,Elektro,publish,product,baterie-v76px-1er-blister-silver
Baterie CR1225 3V 1er Blister Lithium-Ionen,3.81 €,2.02 €,Elektro,publish,product,baterie-cr1225-3v-1er-blister-lithium-ionen
Baterie V12GA / LR43 1er Blister Alkaline,1.59 €,0.84 €,Elektro,publish,product,baterie-v12ga-/-lr43-1er-blister-alkaline
Baterie CR1216 1er Blister Lithium-Ionen,2.88 €,1.52 €,Elektro,publish,product,baterie-cr1216-1er-blister-lithium-ionen
Baterie CR2354 VA 1er Blister Lithium-Ionen,4.83 €,2.55 €,Elektro,publish,product,baterie-cr2354-va-1er-blister-lithium-ionen
Baterie V301 VA 1er Blister Silver,3.47 €,1.83 €,Elektro,publish,product,baterie-v301-va-1er-blister-silver
Baterie V303 VA 1er Blister Silver,5.15 €,2.93 €,Elektro,publish,product,baterie-v303-va-1er-blister-silver
Baterie V315 VA 1er Blister Silver,2.78 €,1.47 €,Elektro,publish,product,baterie-v315-va-1er-blister-silver
Baterie V317 VA 1er Blister Silver,3.12 €,1.65 €,Elektro,publish,product,baterie-v317-va-1er-blister-silver
Baterie V335 VA 1er Blister Silver,2.37 €,1.54 €,Elektro,publish,product,baterie-v335-va-1er-blister-silver
Baterie V370 VA 1er Blister Silver,2.78 €,1.47 €,Elektro,publish,product,baterie-v370-va-1er-blister-silver
Baterie V373 VA 1er Blister Silver,2.78 €,1.47 €,Elektro,publish,product,baterie-v373-va-1er-blister-silver
Baterie V379 VA 1er Blister Silver,2.08 €,1.10 €,Elektro,publish,product,baterie-v379-va-1er-blister-silver
Baterie V384 VA 1er Blister Silver,2.78 €,1.47 €,Elektro,publish,product,baterie-v384-va-1er-blister-silver
Baterie V386 VA 1er Blister Silver,4.59 €,2.42 €,Elektro,publish,product,baterie-v386-va-1er-blister-silver
Baterie V389 VA 1er Blister Silver,3.67 €,1.94 €,Elektro,publish,product,baterie-v389-va-1er-blister-silver
Olejový filtr Hiflo K&N 7230301,4.26 €,2.15 €,Filtr,publish,product,olejový-filtr-hiflo-k&n-7230301
Vzduchový filtr HIFLO Vario,7.20 €,3.63 €,Filtr,publish,product,vzduchový-filtr-hiflo-vario
Vzduchový filtr HIFLO Vario,10.58 €,5.33 €,Filtr,publish,product,vzduchový-filtr-hiflo-vario
Vzduchový filtr HIFLO Vario levý,12.85 €,6.48 €,Filtr,publish,product,vzduchový-filtr-hiflo-vario-levý
Vzduchový filtr HIFLO Vario pravý,10.52 €,5.30 €,Filtr,publish,product,vzduchový-filtr-hiflo-vario-pravý
Vzduchový filtr Pěnový (originální náhradní díl),1.19 €,0.78 €,Filtr,publish,product,vzduchový-filtr-pěnový-(originální-náhradní-díl)
Vzduchový filtr HIFLO Vario,14.59 €,7.36 €,Filtr,publish,product,vzduchový-filtr-hiflo-vario
Filtr vzduchový HIF Vario,7.74 €,3.90 €,Filtr,publish,product,filtr-vzduchový-hif-vario
Filtr vzduchový pěnový originální díl Nebenluftfilter,1.38 €,0.90 €,Filtr,publish,product,filtr-vzduchový-pěnový-originální-díl-nebenluftfilter
Filtr vzduchový pěnový JMP Nebenluftfilter,4.58 €,2.23 €,Filtr,publish,product,filtr-vzduchový-pěnový-jmp-nebenluftfilter
Filtr vzduchový pěnový originální díl Vario,5.36 €,3.49 €,Filtr,publish,product,filtr-vzduchový-pěnový-originální-díl-vario
Filtr vzduchový pěnový originální díl Vario,2.32 €,1.51 €,Filtr,publish,product,filtr-vzduchový-pěnový-originální-díl-vario
Filtr vzduchový pěnový originální díl Vario,5.74 €,3.74 €,Filtr,publish,product,filtr-vzduchový-pěnový-originální-díl-vario
Filtr vzduchový pěnový originální díl Vario,4.94 €,3.22 €,Filtr,publish,product,filtr-vzduchový-pěnový-originální-díl-vario
Filtr vzduchový originální díl Vario,14.48 €,9.42 €,Filtr,publish,product,filtr-vzduchový-originální-díl-vario
Filtr vzduchový originální díl Vario,25.83 €,16.80 €,Filtr,publish,product,filtr-vzduchový-originální-díl-vario
Filtr vzduchový pěnový originální díl Vario,3.47 €,2.26 €,Filtr,publish,product,filtr-vzduchový-pěnový-originální-díl-vario
Filtr vzduchový pěnový originální díl,31.88 €,20.74 €,Filtr,publish,product,filtr-vzduchový-pěnový-originální-díl
Filtr vzduchový pěnový originální díl,12.12 €,7.88 €,Filtr,publish,product,filtr-vzduchový-pěnový-originální-díl
Filtr vzduchový originální díl Vario,77.33 €,50.30 €,Filtr,publish,product,filtr-vzduchový-originální-díl-vario
Filtr vzduchový originální díl Vario,27.44 €,17.85 €,Filtr,publish,product,filtr-vzduchový-originální-díl-vario
Filtr vzduchový pěnový originální díl Vario,6.21 €,4.04 €,Filtr,publish,product,filtr-vzduchový-pěnový-originální-díl-vario
Filtr vzduchový originální díl Vario,19.08 €,12.41 €,Filtr,publish,product,filtr-vzduchový-originální-díl-vario
FILT LUFT OE VARIO,113.38 €,73.74 €,Filtr,publish,product,filt-luft-oe-vario
FILT LUFT OE VARIO,79.45 €,51.67 €,Filtr,publish,product,filt-luft-oe-vario
FILT LUFT OE VARIO,35.89 €,23.34 €,Filtr,publish,product,filt-luft-oe-vario
FILT LUFT OE VARIO,34.30 €,22.31 €,Filtr,publish,product,filt-luft-oe-vario
FILT LUFT OE VARIO,27.80 €,18.08 €,Filtr,publish,product,filt-luft-oe-vario
Filtr vzduchový originální díl Vario,52.48 €,34.14 €,Filtr,publish,product,filtr-vzduchový-originální-díl-vario
Filtr vzduchový pěnový originální díl Vario,3.25 €,2.11 €,Filtr,publish,product,filtr-vzduchový-pěnový-originální-díl-vario
4D Heidenau 33G/90 Duše,13.22 €,7.53 €,Kola a pneumatiky,publish,product,4d-heidenau-33g/90-duše
Schlauch 3.00-4 TR13 gerades Ventil,14.26 €,7.53 €,Kola a pneumatiky,publish,product,schlauch-3.00-4-tr13-gerades-ventil
Schlauch 11X4.00-4 Rasen,11.22 €,5.93 €,Kola a pneumatiky,publish,product,schlauch-11x4.00-4-rasen
Schlauch 3.00-4 260X85 4.10/3.50-4,9.04 €,4.78 €,Kola a pneumatiky,publish,product,schlauch-3.00-4-260x85-4.10/3.50-4
4D Heidenau 33G/90 Duše,13.22 €,7.53 €,Kola a pneumatiky,publish,product,4d-heidenau-33g/90-duše
Schlauch 11X4.00-5 Rasen,15.84 €,8.37 €,Kola a pneumatiky,publish,product,schlauch-11x4.00-5-rasen
Schlauch 13X5.00/6.00-6 Rasen,14.11 €,7.46 €,Kola a pneumatiky,publish,product,schlauch-13x5.00/6.00-6-rasen
Schlauch 13X6.50-6 Rasen,14.69 €,7.76 €,Kola a pneumatiky,publish,product,schlauch-13x6.50-6-rasen
Schlauch 15X5.50/6.00-6 Rasen,12.00 €,6.34 €,Kola a pneumatiky,publish,product,schlauch-15x5.50/6.00-6-rasen
Schlauch 16X6.50/7.50-8/ 18X6.50-8 Rasen,13.57 €,7.17 €,Kola a pneumatiky,publish,product,schlauch-16x6.50/7.50-8/-18x6.50-8-rasen
3.50/4.00-8 TR87 Duše,10.07 €,4.91 €,Kola a pneumatiky,publish,product,3.50/4.00-8-tr87-duše
3.50/4.00-8 TR4 Duše,9.61 €,4.69 €,Kola a pneumatiky,publish,product,3.50/4.00-8-tr4-duše
8E/F Heidenau 41.5/70 Duše,16.61 €,9.45 €,Kola a pneumatiky,publish,product,8e/f-heidenau-41.5/70-duše
8E/F Heidenau 33G/90 Duše,15.07 €,8.58 €,Kola a pneumatiky,publish,product,8e/f-heidenau-33g/90-duše
Schlauch 3.50/4.00-8 16X4 400X100 TR13,10.06 €,5.32 €,Kola a pneumatiky,publish,product,schlauch-3.50/4.00-8-16x4-400x100-tr13
3.50/4.00-8 TR87 Duše,10.07 €,4.91 €,Kola a pneumatiky,publish,product,3.50/4.00-8-tr87-duše
3.50/4.00-8 TR4 Duše,9.61 €,4.69 €,Kola a pneumatiky,publish,product,3.50/4.00-8-tr4-duše
8E/F Heidenau 41.5/70 Duše,16.61 €,9.45 €,Kola a pneumatiky,publish,product,8e/f-heidenau-41.5/70-duše
8E/F Heidenau 33G/90 Duše,15.07 €,8.58 €,Kola a pneumatiky,publish,product,8e/f-heidenau-33g/90-duše
Schlauch 18X7.00/7.50/ 8.50/9.50/11.00-8 Rasen,19.90 €,10.52 €,Kola a pneumatiky,publish,product,schlauch-18x7.00/7.50/-8.50/9.50/11.00-8-rasen
2.75/3.00-8 TR87 Duše,8.51 €,4.15 €,Kola a pneumatiky,publish,product,2.75/3.00-8-tr87-duše
Schlauch 20X7.00/8.00/ 10.00-8 Rasen,22.44 €,11.86 €,Kola a pneumatiky,publish,product,schlauch-20x7.00/8.00/-10.00-8-rasen
Schlauch 3.50/4.00-8 16X4 400X100 TR13,10.06 €,5.32 €,Kola a pneumatiky,publish,product,schlauch-3.50/4.00-8-16x4-400x100-tr13
3.50/4.00-8 TR87 Duše,10.07 €,4.91 €,Kola a pneumatiky,publish,product,3.50/4.00-8-tr87-duše
2.75/3.00-8 TR87 Duše,8.51 €,4.15 €,Kola a pneumatiky,publish,product,2.75/3.00-8-tr87-duše
3.50/4.00-8 TR4 Duše,9.61 €,4.69 €,Kola a pneumatiky,publish,product,3.50/4.00-8-tr4-duše
8E/F Heidenau 41.5/70 Duše,16.61 €,9.45 €,Kola a pneumatiky,publish,product,8e/f-heidenau-41.5/70-duše
8E/F Heidenau 33G/90 Duše,15.07 €,8.58 €,Kola a pneumatiky,publish,product,8e/f-heidenau-33g/90-duše
3.50/4.00-8 742 Schlauch Michelin 8B4,21.59 €,12.29 €,Kola a pneumatiky,publish,product,3.50/4.00-8-742-schlauch-michelin-8b4
3.50/4.00-8 1202 Schlauch Michelin 8B3,31.55 €,17.96 €,Kola a pneumatiky,publish,product,3.50/4.00-8-1202-schlauch-michelin-8b3
PASSHUELSE originální díl 9.5X15MM,1.54 €,1.00 €,Motor,publish,product,passhuelse-originální-díl-9.5x15mm
O-kroužek 1.5X10.5MM ATH,3.10 €,1.51 €,Motor,publish,product,o-kroužek-1.5x10.5mm-ath
O-kroužek 2.4X23.3MM originální díl,4.42 €,2.87 €,Motor,publish,product,o-kroužek-2.4x23.3mm-originální-díl
O-kroužek 2X21.5MM originální díl,3.22 €,2.10 €,Motor,publish,product,o-kroužek-2x21.5mm-originální-díl
O-kroužek 3.1X22.7MM originální díl,4.07 €,2.65 €,Motor,publish,product,o-kroužek-3.1x22.7mm-originální-díl
Šroub VERSCHLUSS originální díl,6.25 €,4.06 €,Motor,publish,product,šroub-verschluss-originální-díl
Vypouštěcí šroub JMP balení obsahuje 10 kusů,19.07 €,9.30 €,Motor,publish,product,vypouštěcí-šroub-jmp-balení-obsahuje-10-kusů
Šroub M3X0.5X8MM,0.74 €,0.36 €,Motor,publish,product,šroub-m3x0.5x8mm
Šroub STIFT M8X1.25X55MM,1.86 €,0.91 €,Motor,publish,product,šroub-stift-m8x1.25x55mm
BOLZEN originální díl M7X75MM,6.43 €,4.18 €,Motor,publish,product,bolzen-originální-díl-m7x75mm
SPANNSTIFT 4X26MM originální díl,5.58 €,3.63 €,Motor,publish,product,spannstift-4x26mm-originální-díl
Šroub STIFT originální díl,10.98 €,7.14 €,Motor,publish,product,šroub-stift-originální-díl
Pružina Ventil OELDRUCK originální díl,2.88 €,1.87 €,Motor,publish,product,pružina-ventil-oeldruck-originální-díl
Pružina Ventil OELDRUCK originální díl,6.65 €,4.33 €,Motor,publish,product,pružina-ventil-oeldruck-originální-díl
Těsnění válec HAUBE ATH,4.66 €,2.27 €,Motor,publish,product,těsnění-válec-haube-ath
Šroub M6X1X34MM,18.03 €,8.80 €,Motor,publish,product,šroub-m6x1x34mm
Šroub VERSCHLUSS originální díl,9.47 €,6.16 €,Motor,publish,product,šroub-verschluss-originální-díl
ucpávky,2.60 €,1.27 €,Motor,publish,product,ucpávky
ucpávky originální díl,15.61 €,10.15 €,Motor,publish,product,ucpávky-originální-díl
Zpětný ventil,67.40 €,32.88 €,Motor,publish,product,zpětný-ventil
Tlumící pryž TMX obsah 1 ks.,2.34 €,1.14 €,Motor,publish,product,tlumící-pryž-tmx-obsah-1-ks.
Tlumící pryž TMX obsah 1 ks.,2.15 €,1.05 €,Motor,publish,product,tlumící-pryž-tmx-obsah-1-ks.
Tlumící pryž TMX obsah 1 ks.,2.34 €,1.14 €,Motor,publish,product,tlumící-pryž-tmx-obsah-1-ks.
Tlumící pryž TMX obsah 1 ks.,2.34 €,1.14 €,Motor,publish,product,tlumící-pryž-tmx-obsah-1-ks.
Tlumící pryž TMX obsah 1 ks.,2.46 €,1.20 €,Motor,publish,product,tlumící-pryž-tmx-obsah-1-ks.
Tlumící pryž TMX obsah 1 ks.,2.28 €,1.11 €,Motor,publish,product,tlumící-pryž-tmx-obsah-1-ks.
Tlumící pryž TMX obsah 1 ks.,3.32 €,1.62 €,Motor,publish,product,tlumící-pryž-tmx-obsah-1-ks.
Tlumící pryž TMX obsah 1 ks.,2.15 €,1.05 €,Motor,publish,product,tlumící-pryž-tmx-obsah-1-ks.
Pouzdro originální díl 6.4X10X25MM,4.00 €,2.60 €,Motor,publish,product,pouzdro-originální-díl-6.4x10x25mm
Chladič,74.01 €,42.12 €,Motor,publish,product,chladič
Pistolenschleifer-Set 3M,344.77 €,210.23 €,Nářadí,publish,product,pistolenschleifer-set-3m
Feilenbandmaschinenset 3M,599.53 €,365.57 €,Nářadí,publish,product,feilenbandmaschinenset-3m
BIT sada 32TLG Milwaukee,34.86 €,22.67 €,Nářadí,publish,product,bit-sada-32tlg-milwaukee
Starterset 12V Milwaukee 2x Akku 2.0AH + Ladegerät,164.33 €,106.88 €,Nářadí,publish,product,starterset-12v-milwaukee-2x-akku-2.0ah-+-ladegerät
akumulátor 12V 2AH MILWAUKEE M12 B2,92.25 €,60.00 €,Nářadí,publish,product,akumulátor-12v-2ah-milwaukee-m12-b2
Akumulátor Milwaukee 12V M12 B4,121.08 €,78.75 €,Nářadí,publish,product,akumulátor-milwaukee-12v-m12-b4
akumulátor 12V 6AH MILWAUKEE M12 B6,149.91 €,97.50 €,Nářadí,publish,product,akumulátor-12v-6ah-milwaukee-m12-b6
Starterset 12V Milwaukee 2x Akku 4.0AH + Ladegerät,229.19 €,149.06 €,Nářadí,publish,product,starterset-12v-milwaukee-2x-akku-4.0ah-+-ladegerät
akumulátor BOHRSCHR M12BDD-201C 12V 2.0AH,180.67 €,117.51 €,Nářadí,publish,product,akumulátor-bohrschr-m12bdd-201c-12v-2.0ah
ERSATZ akumulátor 14 4 VOLT GYS Elektropower,256.21 €,166.64 €,Nářadí,publish,product,ersatz-akumulátor-14-4-volt-gys-elektropower
akumulátor 18V 4AH MILWAUKEE M18 B4,193.16 €,125.63 €,Nářadí,publish,product,akumulátor-18v-4ah-milwaukee-m18-b4
akumulátor 18V 2AH MILWAUKEE M18 B2,164.33 €,106.88 €,Nářadí,publish,product,akumulátor-18v-2ah-milwaukee-m18-b2
akumulátor 18V 5AH MILWAUKEE M18 B5,229.19 €,149.06 €,Nářadí,publish,product,akumulátor-18v-5ah-milwaukee-m18-b5
akumulátor 18V 5.5AH MILWAUKEE M18 HB5.5,286.84 €,186.56 €,Nářadí,publish,product,akumulátor-18v-5.5ah-milwaukee-m18-hb5.5
akumulátor 18V 6AH MILWAUKEE M18 FB6,336.71 €,219.00 €,Nářadí,publish,product,akumulátor-18v-6ah-milwaukee-m18-fb6
akumulátor 18V 8AH MILWAUKEE M18 FB8,367.46 €,239.00 €,Nářadí,publish,product,akumulátor-18v-8ah-milwaukee-m18-fb8
akumulátor 18V 12AH MILWAUKEE M18 FB12,459.71 €,299.00 €,Nářadí,publish,product,akumulátor-18v-12ah-milwaukee-m18-fb12
Ladegerät M12-18FC 12+18V,171.54 €,111.57 €,Nářadí,publish,product,ladegerät-m12-18fc-12+18v
Ladegerät C12C 12V,121.08 €,78.75 €,Nářadí,publish,product,ladegerät-c12c-12v
Ladegerät 18V Multi für 6 Akkus 18V,252.15 €,164.00 €,Nářadí,publish,product,ladegerät-18v-multi-für-6-akkus-18v
Ladegerät 12V Multi für 4 Akkus 12V,182.96 €,119.00 €,Nářadí,publish,product,ladegerät-12v-multi-für-4-akkus-12v
ZWEIFACH SCHNELLLADEGER M18DBSC,413.59 €,269.00 €,Nářadí,publish,product,zweifach-schnellladeger-m18dbsc
akumulátor MASCHINEN SET 12V M12FPP2X2-402X,751.84 €,489.00 €,Nářadí,publish,product,akumulátor-maschinen-set-12v-m12fpp2x2-402x
Auto Ladegerät M12-18 AC 12+18V,175.28 €,114.00 €,Nářadí,publish,product,auto-ladegerät-m12-18-ac-12+18v
Starterset 12V Milwaukee 2x Akku 2.0AH + Ladegerät,164.33 €,106.88 €,Nářadí,publish,product,starterset-12v-milwaukee-2x-akku-2.0ah-+-ladegerät
Starterset 12V Milwaukee 2x Akku 4.0AH + Ladegerät,229.19 €,149.06 €,Nářadí,publish,product,starterset-12v-milwaukee-2x-akku-4.0ah-+-ladegerät
akumulátor KARTUSCHENPIST 18V C18PCG/600A,713.40 €,464.00 €,Nářadí,publish,product,akumulátor-kartuschenpist-18v-c18pcg/600a
akumulátor KARTUSCHENPIST 12V M12 PCG/310C-201B,413.59 €,269.00 €,Nářadí,publish,product,akumulátor-kartuschenpist-12v-m12-pcg/310c-201b
akumulátor KARTUSCHENPIST 18V C18 PCG/310 Kart Aufnahme,713.40 €,464.00 €,Nářadí,publish,product,akumulátor-kartuschenpist-18v-c18-pcg/310-kart-aufnahme
akumulátor KARTUSCHENPIST 18V C18 PCG/400T-201B,782.59 €,509.00 €,Nářadí,publish,product,akumulátor-kartuschenpist-18v-c18-pcg/400t-201b
Držák bočních kufrů pro 3P SYSTEM,223.76 €,127.34 €,Novinky,publish,product,držák-bočních-kufrů-pro-3p-system
Filtr vzduchový pěnový originální díl Nebenluftfilter,11.45 €,7.45 €,Novinky,publish,product,filtr-vzduchový-pěnový-originální-díl-nebenluftfilter
Pružina LIN Tlumiče YSS Federrate 7.5,125.05 €,71.17 €,Novinky,publish,product,pružina-lin-tlumiče-yss-federrate-7.5
Montážní sada YSS tlumič řízení,292.08 €,156.72 €,Novinky,publish,product,montážní-sada-yss-tlumič-řízení
Čerpadlo paliva JMP alternativa 7000554,102.36 €,49.93 €,Novinky,publish,product,čerpadlo-paliva-jmp-alternativa-7000554
Čerpadlo paliva JMP alternativa 7000801,117.28 €,57.21 €,Novinky,publish,product,čerpadlo-paliva-jmp-alternativa-7000801
Čerpadlo paliva JMP alternativa 7002090,101.62 €,49.57 €,Novinky,publish,product,čerpadlo-paliva-jmp-alternativa-7002090
Čerpadlo paliva JMP alternativa 7002935,111.27 €,54.28 €,Novinky,publish,product,čerpadlo-paliva-jmp-alternativa-7002935
Plovák Kompletní JMP alternativa 7241233,18.34 €,8.95 €,Novinky,publish,product,plovák-kompletní-jmp-alternativa-7241233
Plovák Kompletní JMP,17.38 €,8.48 €,Novinky,publish,product,plovák-kompletní-jmp
Plovák Kompletní JMP,18.34 €,8.95 €,Novinky,publish,product,plovák-kompletní-jmp
Plovák Kompletní JMP,18.34 €,8.95 €,Novinky,publish,product,plovák-kompletní-jmp
Plovák Kompletní JMP alternativa 7242258,18.34 €,8.95 €,Novinky,publish,product,plovák-kompletní-jmp-alternativa-7242258
Plovák Kompletní JMP,18.34 €,8.95 €,Novinky,publish,product,plovák-kompletní-jmp
Plovák Kompletní JMP alternativa 7242613,18.34 €,8.95 €,Novinky,publish,product,plovák-kompletní-jmp-alternativa-7242613
Plovák Kompletní JMP alternativa 7242647,18.34 €,8.95 €,Novinky,publish,product,plovák-kompletní-jmp-alternativa-7242647
Plovák Kompletní JMP alternativa 7243018,15.01 €,7.32 €,Novinky,publish,product,plovák-kompletní-jmp-alternativa-7243018
Plovák Kompletní JMP,18.34 €,8.95 €,Novinky,publish,product,plovák-kompletní-jmp
Plovák Kompletní JMP,17.38 €,8.48 €,Novinky,publish,product,plovák-kompletní-jmp
Plovák Kompletní JMP,17.38 €,8.48 €,Novinky,publish,product,plovák-kompletní-jmp
Plovák Kompletní JMP,19.30 €,9.41 €,Novinky,publish,product,plovák-kompletní-jmp
Plovák Kompletní JMP,14.00 €,6.83 €,Novinky,publish,product,plovák-kompletní-jmp
Plovák Kompletní JMP,16.37 €,7.99 €,Novinky,publish,product,plovák-kompletní-jmp
Plovák Kompletní JMP,17.38 €,8.48 €,Novinky,publish,product,plovák-kompletní-jmp
Plovák Kompletní JMP,15.01 €,7.32 €,Novinky,publish,product,plovák-kompletní-jmp
Plovák Kompletní JMP,12.99 €,6.34 €,Novinky,publish,product,plovák-kompletní-jmp
Plovák Kompletní JMP,18.34 €,8.95 €,Novinky,publish,product,plovák-kompletní-jmp
Plovák Kompletní JMP,16.01 €,7.81 €,Novinky,publish,product,plovák-kompletní-jmp
Plovák Kompletní JMP,15.01 €,7.32 €,Novinky,publish,product,plovák-kompletní-jmp
Plovák Kompletní JMP,18.34 €,8.95 €,Novinky,publish,product,plovák-kompletní-jmp
WARNWESTE oranžová 6ON EN ISO20471 alternativa 2982264,4.16 €,2.70 €,Oblečení / Přilby,publish,product,warnweste-oranžová-6on-en-iso20471-alternativa-2982264
Warnweste gelb 6ON EN ISO 20471 alternativa 2982263,4.16 €,2.70 €,Oblečení / Přilby,publish,product,warnweste-gelb-6on-en-iso-20471-alternativa-2982263
Brýle Race Line 3201 bílá weiß,37.18 €,19.65 €,Oblečení / Přilby,publish,product,brýle-race-line-3201-bílá-weiß
Brýle Race Line 3201 červená rot,29.99 €,19.50 €,Oblečení / Přilby,publish,product,brýle-race-line-3201-červená-rot
Brýle Race Line 3201 černá schwarz,37.18 €,19.65 €,Oblečení / Přilby,publish,product,brýle-race-line-3201-černá-schwarz
Brýle Multilayered 3204 černá/modrá matt,68.08 €,35.98 €,Oblečení / Přilby,publish,product,brýle-multilayered-3204-černá/modrá-matt
Brýle Multilayered 3204 černá/červená matt,68.08 €,35.98 €,Oblečení / Přilby,publish,product,brýle-multilayered-3204-černá/červená-matt
Brille Multilayered 3205 černá MATT/GE,88.10 €,46.56 €,Oblečení / Přilby,publish,product,brille-multilayered-3205-černá-matt/ge
Brille Multilayered 3205 černá/BL MATT,88.10 €,46.56 €,Oblečení / Přilby,publish,product,brille-multilayered-3205-černá/bl-matt
Brille Race Line 3300 gelb/grau,49.48 €,26.15 €,Oblečení / Přilby,publish,product,brille-race-line-3300-gelb/grau
Brille Race Line 3300 černá/WS,39.91 €,25.96 €,Oblečení / Přilby,publish,product,brille-race-line-3300-černá/ws
Brille Multilayered 3303 černá/WS,86.67 €,45.80 €,Oblečení / Přilby,publish,product,brille-multilayered-3303-černá/ws
Brille Multilayered 3303 rot/blau,86.67 €,45.80 €,Oblečení / Přilby,publish,product,brille-multilayered-3303-rot/blau
Brille Multilayered 3206 černá/GE,100.12 €,52.91 €,Oblečení / Přilby,publish,product,brille-multilayered-3206-černá/ge
BRILLE MULTIL 3206 modrá/bílá blau/weiß,100.12 €,52.91 €,Oblečení / Přilby,publish,product,brille-multil-3206-modrá/bílá-blau/weiß
Brille Multilayered 3201 černá/GE,44.91 €,23.73 €,Oblečení / Přilby,publish,product,brille-multilayered-3201-černá/ge
Brille Multilayered 3201 rot/weiß,44.91 €,23.73 €,Oblečení / Přilby,publish,product,brille-multilayered-3201-rot/weiß
Brille Multilayered 3201 WS/černá,44.91 €,23.73 €,Oblečení / Přilby,publish,product,brille-multilayered-3201-ws/černá
BRILLE MULTIL 3201 červená rot,43.48 €,22.98 €,Oblečení / Přilby,publish,product,brille-multil-3201-červená-rot
BRILLE RACE LINE 3201 modrá blau,37.18 €,19.65 €,Oblečení / Přilby,publish,product,brille-race-line-3201-modrá-blau
Brille Multilayered 3201 černá,35.06 €,22.80 €,Oblečení / Přilby,publish,product,brille-multilayered-3201-černá
Brille Multilayered 3200 grün/grau,103.55 €,54.72 €,Oblečení / Přilby,publish,product,brille-multilayered-3200-grün/grau
Brille Multilayered 3200 GN/černá,103.55 €,54.72 €,Oblečení / Přilby,publish,product,brille-multilayered-3200-gn/černá
Brille Multilayered 3200 WS/černá,103.55 €,54.72 €,Oblečení / Přilby,publish,product,brille-multilayered-3200-ws/černá
Brille Multilayered 3200 rot/weiß,103.55 €,54.72 €,Oblečení / Přilby,publish,product,brille-multilayered-3200-rot/weiß
Brille Multilayered 3200 rosa/grün,103.55 €,54.72 €,Oblečení / Přilby,publish,product,brille-multilayered-3200-rosa/grün
Brille Multilayered 3204 černá/ OR MATT,68.08 €,35.98 €,Oblečení / Přilby,publish,product,brille-multilayered-3204-černá/-or-matt
Brille Multilayered 3204 černá /GE MATT,68.08 €,35.98 €,Oblečení / Přilby,publish,product,brille-multilayered-3204-černá-/ge-matt
Brille Multilayered 3204 černá /SI MATT,68.08 €,35.98 €,Oblečení / Přilby,publish,product,brille-multilayered-3204-černá-/si-matt
Brille Multilayered 3201 grau,125.00 €,66.06 €,Oblečení / Přilby,publish,product,brille-multilayered-3201-grau
Olej hydraulický BIO 46 20L VAL ULTRAMAX biologisch abbaubar,418.20 €,183.60 €,Oleje,publish,product,olej-hydraulický-bio-46-20l-val-ultramax-biologisch-abbaubar
Olej hydraulický HLP 10 20L LM,161.11 €,98.24 €,Oleje,publish,product,olej-hydraulický-hlp-10-20l-lm
Olej hydraulický HLP 22 20L VAL,231.07 €,101.44 €,Oleje,publish,product,olej-hydraulický-hlp-22-20l-val
Olej hydraulický HLP 32 1L JMC extra,8.34 €,5.42 €,Oleje,publish,product,olej-hydraulický-hlp-32-1l-jmc-extra
Olej hydraulický HLP 32 5L JMC extra,41.03 €,26.69 €,Oleje,publish,product,olej-hydraulický-hlp-32-5l-jmc-extra
Olej hydraulický HLP 32 20L JMC extra,154.92 €,100.76 €,Oleje,publish,product,olej-hydraulický-hlp-32-20l-jmc-extra
Olej hydraulický HLP 46 1L JMC extra,8.34 €,5.42 €,Oleje,publish,product,olej-hydraulický-hlp-46-1l-jmc-extra
Olej hydraulický HLP 46 5L JMC extra,41.03 €,26.69 €,Oleje,publish,product,olej-hydraulický-hlp-46-5l-jmc-extra
Olej hydraulický HLP 46 20L JMC extra,153.14 €,99.60 €,Oleje,publish,product,olej-hydraulický-hlp-46-20l-jmc-extra
Olej hydraulický HLP 46 60L JMC extra,459.33 €,298.75 €,Oleje,publish,product,olej-hydraulický-hlp-46-60l-jmc-extra
Olej hydraulický HLP 68 1L JMC alternativa 5580441,5.72 €,3.72 €,Oleje,publish,product,olej-hydraulický-hlp-68-1l-jmc-alternativa-5580441
Olej hydraulický HLP 68 1L JMC extra,8.34 €,5.42 €,Oleje,publish,product,olej-hydraulický-hlp-68-1l-jmc-extra
Olej hydraulický HLP 68 5L JMC extra,41.03 €,26.69 €,Oleje,publish,product,olej-hydraulický-hlp-68-5l-jmc-extra
Olej hydraulický HLP 68 20L JMC extra,158.61 €,103.16 €,Oleje,publish,product,olej-hydraulický-hlp-68-20l-jmc-extra
Olej hydraulický HVLP 32 20L LM bei TEMPERATURSCHWANKUNG,207.64 €,135.05 €,Oleje,publish,product,olej-hydraulický-hvlp-32-20l-lm-bei-temperaturschwankung
Spülflüssigkeit 5 Liter Klima ERG-FLUSH POE,164.75 €,93.09 €,Oleje,publish,product,spülflüssigkeit-5-liter-klima-erg-flush-poe
Olej PAG 46/YF 250ML JMC,12.55 €,6.63 €,Oleje,publish,product,olej-pag-46/yf-250ml-jmc
Olej PAG 100/YF 250ML JMC,12.55 €,6.63 €,Oleje,publish,product,olej-pag-100/yf-250ml-jmc
Olej PAG 150/YF 250MLJMC,12.55 €,6.63 €,Oleje,publish,product,olej-pag-150/yf-250mljmc
Olej KLIMA POE ND-11 250ML Denso,186.42 €,113.67 €,Oleje,publish,product,olej-klima-poe-nd-11-250ml-denso
Olej KLIMA PAG 46 500ML pro ASC-KLIMAGERAETE,40.59 €,26.40 €,Oleje,publish,product,olej-klima-pag-46-500ml-pro-asc-klimageraete
Olej KLIMA PAG 100 500ML pro ASC-KLIMAGERAETE,40.59 €,26.40 €,Oleje,publish,product,olej-klima-pag-100-500ml-pro-asc-klimageraete
Olej KLIMA PAG 150 500ML pro ASC-KLIMAGERAETE,40.59 €,26.40 €,Oleje,publish,product,olej-klima-pag-150-500ml-pro-asc-klimageraete
Olej KLIMA ND 8 500ML DENSO pro ASC-KLIMAGERAETE,154.54 €,100.51 €,Oleje,publish,product,olej-klima-nd-8-500ml-denso-pro-asc-klimageraete
Olej KLIMA SPA2 500ML R1234YF pro ASC-KLIMAGERAET,404.06 €,262.80 €,Oleje,publish,product,olej-klima-spa2-500ml-r1234yf-pro-asc-klimageraet
Additiv Kompressor 60ML Klima,23.90 €,13.50 €,Oleje,publish,product,additiv-kompressor-60ml-klima
Olej KLIMA ND 12 500ML Denso R1234YF,359.78 €,234.00 €,Oleje,publish,product,olej-klima-nd-12-500ml-denso-r1234yf
Olej KLIMA RB100 EV 150ML POE,164.21 €,106.80 €,Oleje,publish,product,olej-klima-rb100-ev-150ml-poe
Kompressoröl MIN 1 Liter Blister VDL 100 Kolbenkompressor,39.40 €,27.23 €,Oleje,publish,product,kompressoröl-min-1-liter-blister-vdl-100-kolbenkompressor
Kompressoröl SYN 1 Liter Blister Kolbenkompressor VDL 150,60.41 €,41.74 €,Oleje,publish,product,kompressoröl-syn-1-liter-blister-kolbenkompressor-vdl-150
Katalog So geht`s Autoglas kompakt,22.85 €,14.86 €,Podpora prodeje / katalogy,publish,product,katalog-so-geht`s-autoglas-kompakt
Katalog So geht`s Starterbatterie,22.85 €,14.86 €,Podpora prodeje / katalogy,publish,product,katalog-so-geht`s-starterbatterie
Katalog So geht`s Autoglas spezial Autoglas Spezial,41.52 €,27.01 €,Podpora prodeje / katalogy,publish,product,katalog-so-geht`s-autoglas-spezial-autoglas-spezial
Katalog So geht`s Turbolader 1,22.85 €,14.86 €,Podpora prodeje / katalogy,publish,product,katalog-so-geht`s-turbolader-1
Katalog So geht`s Turbolader 2,22.85 €,14.86 €,Podpora prodeje / katalogy,publish,product,katalog-so-geht`s-turbolader-2
Katalog So geht`s Kettensteuertrieb,22.85 €,14.86 €,Podpora prodeje / katalogy,publish,product,katalog-so-geht`s-kettensteuertrieb
Katalog So geht`s Zahnriementrieb,22.85 €,14.86 €,Podpora prodeje / katalogy,publish,product,katalog-so-geht`s-zahnriementrieb
Katalog So geht`s Achsvermessung,22.85 €,14.86 €,Podpora prodeje / katalogy,publish,product,katalog-so-geht`s-achsvermessung
Katalog So geht`s Motorsteuerung,41.52 €,27.01 €,Podpora prodeje / katalogy,publish,product,katalog-so-geht`s-motorsteuerung
Katalog So geht`s Reifendruckkontrollsystem Erweiterung,41.52 €,27.01 €,Podpora prodeje / katalogy,publish,product,katalog-so-geht`s-reifendruckkontrollsystem-erweiterung
Katalog So geht`s Klimaanlage. Prüfung SPEZIAL,41.52 €,27.01 €,Podpora prodeje / katalogy,publish,product,katalog-so-geht`s-klimaanlage.-prüfung-spezial
Katalog So geht`s FRONTKAM. KALIBRIERUNG,22.85 €,14.86 €,Podpora prodeje / katalogy,publish,product,katalog-so-geht`s-frontkam.-kalibrierung
Katalog So geht`s RADARSYST. KALIBRIEREN,22.85 €,14.86 €,Podpora prodeje / katalogy,publish,product,katalog-so-geht`s-radarsyst.-kalibrieren
Katalog So geht`s FUP UNTERWEISUNG,22.85 €,14.86 €,Podpora prodeje / katalogy,publish,product,katalog-so-geht`s-fup-unterweisung
Katalog So geht`s GETRIEBEW.,22.85 €,14.86 €,Podpora prodeje / katalogy,publish,product,katalog-so-geht`s-getriebew.
Katalog So geht`s GETRIEBD,22.85 €,14.86 €,Podpora prodeje / katalogy,publish,product,katalog-so-geht`s-getriebd
Katalog So geht`s LICHTS. LICHTSYSTEME EINSTELLEN,22.85 €,14.86 €,Podpora prodeje / katalogy,publish,product,katalog-so-geht`s-lichts.-lichtsysteme-einstellen
Katalog So geht`s BREMSENW.,22.85 €,14.86 €,Podpora prodeje / katalogy,publish,product,katalog-so-geht`s-bremsenw.
Katalog So geht`s Kunststoff Reparatur,22.85 €,14.86 €,Podpora prodeje / katalogy,publish,product,katalog-so-geht`s-kunststoff-reparatur
Katalog So geht`s Hochvolt Technik KOMPAKT,22.85 €,14.86 €,Podpora prodeje / katalogy,publish,product,katalog-so-geht`s-hochvolt-technik-kompakt
Test-Packung 3,41.01 €,26.67 €,Podpora prodeje / katalogy,publish,product,test-packung-3
JM AUFSTELL.NACHFUELLOEL,45.42 €,29.54 €,Podpora prodeje / katalogy,publish,product,jm-aufstell.nachfuelloel
Display Scottoiler,15.38 €,10.00 €,Podpora prodeje / katalogy,publish,product,display-scottoiler
VARTA THEKENDISPLAY LEER 8 HAKEN,-,-,Podpora prodeje / katalogy,publish,product,varta-thekendisplay-leer-8-haken
Display Scottoiler,15.38 €,10.00 €,Podpora prodeje / katalogy,publish,product,display-scottoiler
Prodejní stojan NGK obsah 240 kusů,43.91 €,28.56 €,Podpora prodeje / katalogy,publish,product,prodejní-stojan-ngk-obsah-240-kusů
Flyer Demo MARDERSCHOCK,-,-,Podpora prodeje / katalogy,publish,product,flyer-demo-marderschock
Flyer A4 Stoßdämpfer FUER CAMPER obsah. 25STK,-,-,Podpora prodeje / katalogy,publish,product,flyer-a4-stoßdämpfer-fuer-camper-obsah.-25stk
Flyer Roller E-CRUISE obsah. 20 STK,-,-,Podpora prodeje / katalogy,publish,product,flyer-roller-e-cruise-obsah.-20-stk
LCD PREISAUSZEICHNUNG žlutá 1160X240 MM počet 10 ks.,139.91 €,91.00 €,Podpora prodeje / katalogy,publish,product,lcd-preisauszeichnung-žlutá-1160x240-mm-počet-10-ks.
Airbox + kryt černá,60.98 €,29.75 €,Podvozek,publish,product,airbox-+-kryt-černá
Montážní sada univerzální červená UFX Honda,7.70 €,3.76 €,Podvozek,publish,product,montážní-sada-univerzální-červená-ufx-honda
Montážní sada univerzální červená UFX Honda,7.70 €,3.76 €,Podvozek,publish,product,montážní-sada-univerzální-červená-ufx-honda
Blatník přední UNI černá SM,29.88 €,14.57 €,Podvozek,publish,product,blatník-přední-uni-černá-sm
Blatník přední UNI GN SM,16.17 €,10.52 €,Podvozek,publish,product,blatník-přední-uni-gn-sm
Blatník přední UNI bílá,33.20 €,16.19 €,Podvozek,publish,product,blatník-přední-uni-bílá
Blatník přední UNI GN,17.99 €,11.70 €,Podvozek,publish,product,blatník-přední-uni-gn
Blatník přední UNI černá,17.99 €,11.70 €,Podvozek,publish,product,blatník-přední-uni-černá
Blatník přední univerzální bílá SM Line,33.20 €,16.19 €,Podvozek,publish,product,blatník-přední-univerzální-bílá-sm-line
Blatník přední univerzální černá SM Line,33.20 €,16.19 €,Podvozek,publish,product,blatník-přední-univerzální-černá-sm-line
Blatník přední univerzální oranžový SM Line,17.99 €,11.70 €,Podvozek,publish,product,blatník-přední-univerzální-oranžový-sm-line
Blatník přední univerzální zelený 05 SM Line,33.20 €,16.19 €,Podvozek,publish,product,blatník-přední-univerzální-zelený-05-sm-line
Montážní sada univerzální červená UFX Honda,7.70 €,3.76 €,Podvozek,publish,product,montážní-sada-univerzální-červená-ufx-honda
Blatník přední univerzální bílá Supermoto,29.88 €,14.57 €,Podvozek,publish,product,blatník-přední-univerzální-bílá-supermoto
Blatník přední univerzální červený 04 Supermoto,29.88 €,14.57 €,Podvozek,publish,product,blatník-přední-univerzální-červený-04-supermoto
Blatník přední univerzální modrý 98 Supermoto,29.88 €,14.57 €,Podvozek,publish,product,blatník-přední-univerzální-modrý-98-supermoto
Blatník přední univerzální černý Supermoto,29.88 €,14.57 €,Podvozek,publish,product,blatník-přední-univerzální-černý-supermoto
Blatník přední zelený 05,25.26 €,12.32 €,Podvozek,publish,product,blatník-přední-zelený-05
Blatník přední oranžový,25.26 €,12.32 €,Podvozek,publish,product,blatník-přední-oranžový
Blatník přední červený 04,14.01 €,6.83 €,Podvozek,publish,product,blatník-přední-červený-04
Blatník přední modrý 98,25.26 €,12.32 €,Podvozek,publish,product,blatník-přední-modrý-98
Blatník přední bílý,25.26 €,12.32 €,Podvozek,publish,product,blatník-přední-bílý
Blatník přední černá,25.26 €,12.32 €,Podvozek,publish,product,blatník-přední-černá
Blatník přední bílý,25.26 €,12.32 €,Podvozek,publish,product,blatník-přední-bílý
Blatník přední černá,25.26 €,12.32 €,Podvozek,publish,product,blatník-přední-černá
Blatník přední bílý,25.26 €,12.32 €,Podvozek,publish,product,blatník-přední-bílý
Blatník přední červený,25.26 €,12.32 €,Podvozek,publish,product,blatník-přední-červený
Blatník přední bílý,25.26 €,12.32 €,Podvozek,publish,product,blatník-přední-bílý
Blatník přední oranžový,25.26 €,12.32 €,Podvozek,publish,product,blatník-přední-oranžový
Blatník přední černá,25.26 €,12.32 €,Podvozek,publish,product,blatník-přední-černá
Motor 3000W,374.09 €,212.90 €,Pohon,publish,product,motor-3000w
ACHSKOPFMANSCH sada UNI H 127 mm I-DM 19/60-85 mm,23.53 €,11.86 €,Pohon,publish,product,achskopfmansch-sada-uni-h-127-mm-i-dm-19/60-85-mm
Opravná sada diferenciálu All Balls Racing,53.54 €,34.82 €,Pohon,publish,product,opravná-sada-diferenciálu-all-balls-racing
DIFF opravná sada zadní ABR,109.52 €,71.23 €,Pohon,publish,product,diff-opravná-sada-zadní-abr
DIFF opravná sada Kompletní ABR,88.39 €,57.49 €,Pohon,publish,product,diff-opravná-sada-kompletní-abr
DIFF opravná sada Kompletní ABR,58.90 €,38.31 €,Pohon,publish,product,diff-opravná-sada-kompletní-abr
DIFF opravná sada Kompletní ABR,87.92 €,57.18 €,Pohon,publish,product,diff-opravná-sada-kompletní-abr
DIFF opravná sada zadní ABR,18.09 €,11.77 €,Pohon,publish,product,diff-opravná-sada-zadní-abr
Těsnění DIFF sada ABR,25.44 €,16.54 €,Pohon,publish,product,těsnění-diff-sada-abr
Těsnění DIFF sada ABR,25.44 €,16.54 €,Pohon,publish,product,těsnění-diff-sada-abr
Těsnění DIFF sada ABR,42.44 €,27.60 €,Pohon,publish,product,těsnění-diff-sada-abr
Těsnění DIFF sada ABR,42.44 €,27.60 €,Pohon,publish,product,těsnění-diff-sada-abr
Těsnění DIFF sada ABR,50.92 €,33.12 €,Pohon,publish,product,těsnění-diff-sada-abr
DIFF opravná sada přední ABR,44.03 €,28.64 €,Pohon,publish,product,diff-opravná-sada-přední-abr
DIFF opravná sada přední ABR,13.65 €,8.88 €,Pohon,publish,product,diff-opravná-sada-přední-abr
DIFF opravná sada přední ABR,49.63 €,32.28 €,Pohon,publish,product,diff-opravná-sada-přední-abr
DIFF opravná sada přední ABR,54.62 €,35.53 €,Pohon,publish,product,diff-opravná-sada-přední-abr
DIFF opravná sada přední ABR,11.86 €,7.71 €,Pohon,publish,product,diff-opravná-sada-přední-abr
DIFF opravná sada přední ABR,57.97 €,37.70 €,Pohon,publish,product,diff-opravná-sada-přední-abr
DIFF opravná sada přední ABR,13.84 €,9.00 €,Pohon,publish,product,diff-opravná-sada-přední-abr
DIFF opravná sada zadní ABR,16.95 €,11.02 €,Pohon,publish,product,diff-opravná-sada-zadní-abr
DIFF opravná sada zadní ABR,17.88 €,11.63 €,Pohon,publish,product,diff-opravná-sada-zadní-abr
DIFF opravná sada zadní ABR,47.05 €,30.60 €,Pohon,publish,product,diff-opravná-sada-zadní-abr
DIFF opravná sada zadní ABR,15.39 €,10.01 €,Pohon,publish,product,diff-opravná-sada-zadní-abr
DIFF opravná sada zadní ABR,46.68 €,30.36 €,Pohon,publish,product,diff-opravná-sada-zadní-abr
DIFF opravná sada zadní ABR,14.76 €,9.60 €,Pohon,publish,product,diff-opravná-sada-zadní-abr
DIFF opravná sada zadní ABR,41.39 €,26.92 €,Pohon,publish,product,diff-opravná-sada-zadní-abr
DIFF opravná sada zadní ABR,14.06 €,9.14 €,Pohon,publish,product,diff-opravná-sada-zadní-abr
DIFF opravná sada přední ABR,45.56 €,29.63 €,Pohon,publish,product,diff-opravná-sada-přední-abr
DIFF opravná sada přední ABR,13.51 €,8.78 €,Pohon,publish,product,diff-opravná-sada-přední-abr
Feuerlöscher 1 kg s DRUCKANZEIGER + HALTER,27.72 €,18.03 €,"Pracovní ochrané prostředky, první pomoc",publish,product,feuerlöscher-1-kg-s-druckanzeiger-+-halter
Feuerlöscher 2 kg s DRUCKANZEIGER + HALTER,50.15 €,32.61 €,"Pracovní ochrané prostředky, první pomoc",publish,product,feuerlöscher-2-kg-s-druckanzeiger-+-halter
Feuerlöscher CO2 5 kg KS5SE DIN EN 3,346.25 €,225.20 €,"Pracovní ochrané prostředky, první pomoc",publish,product,feuerlöscher-co2-5-kg-ks5se-din-en-3
Feuerlöscher CO2 2 kg KS2SBS DIN EN 3,200.07 €,130.13 €,"Pracovní ochrané prostředky, první pomoc",publish,product,feuerlöscher-co2-2-kg-ks2sbs-din-en-3
Feuerlöscher 6 kg Halterung 2280106,93.58 €,60.86 €,"Pracovní ochrané prostředky, první pomoc",publish,product,feuerlöscher-6-kg-halterung-2280106
Halterung Feuerlöscher pro 2280105,48.71 €,31.68 €,"Pracovní ochrané prostředky, první pomoc",publish,product,halterung-feuerlöscher-pro-2280105
FEUERLOESCHER-SCHRANK bílá 1.027 X 433 X 225 mm,400.11 €,260.23 €,"Pracovní ochrané prostředky, první pomoc",publish,product,feuerloescher-schrank-bílá-1.027-x-433-x-225-mm
Rauchmelder Longlife 3VLI Prüfspray 5572890,50.18 €,32.64 €,"Pracovní ochrané prostředky, první pomoc",publish,product,rauchmelder-longlife-3vli-prüfspray-5572890
EINWEG OVERALL GR s WE 3M,14.64 €,10.71 €,"Pracovní ochrané prostředky, první pomoc",publish,product,einweg-overall-gr-s-we-3m
Einweg-Overall Größe L weiß 3M,14.64 €,10.71 €,"Pracovní ochrané prostředky, první pomoc",publish,product,einweg-overall-größe-l-weiß-3m
Einweg-Overall Größe XL weiß 3M,14.64 €,10.71 €,"Pracovní ochrané prostředky, první pomoc",publish,product,einweg-overall-größe-xl-weiß-3m
Einweg-Overall Größe XXL weiß,14.64 €,10.71 €,"Pracovní ochrané prostředky, první pomoc",publish,product,einweg-overall-größe-xxl-weiß
MEHRWEG OVERALL GR s 3M,57.40 €,42.00 €,"Pracovní ochrané prostředky, první pomoc",publish,product,mehrweg-overall-gr-s-3m
Mehrweg-Overall Größe L 3M,57.40 €,42.00 €,"Pracovní ochrané prostředky, první pomoc",publish,product,mehrweg-overall-größe-l-3m
Mehrweg-Overall Größe XL 3M,57.40 €,42.00 €,"Pracovní ochrané prostředky, první pomoc",publish,product,mehrweg-overall-größe-xl-3m
Mehrweg-Overall Größe XXL 3M,57.40 €,42.00 €,"Pracovní ochrané prostředky, první pomoc",publish,product,mehrweg-overall-größe-xxl-3m
Lackieroverall Größe 42-44 EVOTEC za s LOGO PPG,32.48 €,21.13 €,"Pracovní ochrané prostředky, první pomoc",publish,product,lackieroverall-größe-42-44-evotec-za-s-logo-ppg
Lackieroverall Größe 46-48 EVOTEC za s LOGO PPG,32.48 €,21.13 €,"Pracovní ochrané prostředky, první pomoc",publish,product,lackieroverall-größe-46-48-evotec-za-s-logo-ppg
Lackieroverall Größe 50-52 EVOTEC za s LOGO PPG,32.48 €,21.13 €,"Pracovní ochrané prostředky, první pomoc",publish,product,lackieroverall-größe-50-52-evotec-za-s-logo-ppg
Lackieroverall Größe 54-56 EVOTEC za s LOGO PPG,32.48 €,21.13 €,"Pracovní ochrané prostředky, první pomoc",publish,product,lackieroverall-größe-54-56-evotec-za-s-logo-ppg
Lackieroverall Größe 58-60 EVOTEC za s LOGO PPG,32.48 €,21.13 €,"Pracovní ochrané prostředky, první pomoc",publish,product,lackieroverall-größe-58-60-evotec-za-s-logo-ppg
MEHRWEG OVERALL GR.s 3M,60.09 €,43.97 €,"Pracovní ochrané prostředky, první pomoc",publish,product,mehrweg-overall-gr.s-3m
Mehrweg-Overall Größe L 3M,60.09 €,43.97 €,"Pracovní ochrané prostředky, první pomoc",publish,product,mehrweg-overall-größe-l-3m
Mehrweg-Overall Größe XL 3M,60.09 €,43.97 €,"Pracovní ochrané prostředky, první pomoc",publish,product,mehrweg-overall-größe-xl-3m
Mehrweg-Overall Größe 2XL 3M,60.09 €,43.97 €,"Pracovní ochrané prostředky, první pomoc",publish,product,mehrweg-overall-größe-2xl-3m
Overall Mascot Größe L černá-BL,138.30 €,89.95 €,"Pracovní ochrané prostředky, první pomoc",publish,product,overall-mascot-größe-l-černá-bl
OVERALL MCT GR.s černá-BL,153.68 €,99.95 €,"Pracovní ochrané prostředky, první pomoc",publish,product,overall-mct-gr.s-černá-bl
Overall Mascot Größe S černá-BL,153.68 €,99.95 €,"Pracovní ochrané prostředky, první pomoc",publish,product,overall-mascot-größe-s-černá-bl
Overall Mascot Größe XS černá-BL,153.68 €,99.95 €,"Pracovní ochrané prostředky, první pomoc",publish,product,overall-mascot-größe-xs-černá-bl
Overall Mascot Größe XL KORNBL/černá-BL,138.30 €,89.95 €,"Pracovní ochrané prostředky, první pomoc",publish,product,overall-mascot-größe-xl-kornbl/černá-bl
ALARMANLAGE DEFCOM s+S Version 3.1B,317.22 €,180.53 €,"Příslušenství, různé",publish,product,alarmanlage-defcom-s+s-version-3.1b
ALARMANLAGE HPS 940 s+S mit Kabelsatz,239.95 €,136.56 €,"Příslušenství, různé",publish,product,alarmanlage-hps-940-s+s-mit-kabelsatz
Aretace brzdové páčky JMP,20.37 €,9.94 €,"Příslušenství, různé",publish,product,aretace-brzdové-páčky-jmp
L-Schild ohne Befestigungssatz,4.77 €,2.33 €,"Příslušenství, různé",publish,product,l-schild-ohne-befestigungssatz
L-Schild selbstklebend,1.34 €,0.65 €,"Příslušenství, různé",publish,product,l-schild-selbstklebend
L-Schild s BEFEST,10.42 €,5.08 €,"Příslušenství, různé",publish,product,l-schild-s-befest
Box na zapalovací svíčky JMP,6.01 €,2.93 €,"Příslušenství, různé",publish,product,box-na-zapalovací-svíčky-jmp
Olejová nádobka 250 ml 250ML,4.70 €,2.29 €,"Příslušenství, různé",publish,product,olejová-nádobka-250-ml-250ml
Bombička CO2 set,16.40 €,6.67 €,"Příslušenství, různé",publish,product,bombička-co2-set
Opravná sada pneumatik motocyklů,37.05 €,19.58 €,"Příslušenství, různé",publish,product,opravná-sada-pneumatik-motocyklů
opravná+AIR TUBELESS P-SET,42.07 €,22.23 €,"Příslušenství, různé",publish,product,opravná+air-tubeless-p-set
Sprej na opravu pneu 400ML JMC alternativa 5191374,12.64 €,6.68 €,"Příslušenství, různé",publish,product,sprej-na-opravu-pneu-400ml-jmc-alternativa-5191374
Reifenpilot 300 ml Holts alternativa 5191218,13.07 €,7.44 €,"Příslušenství, různé",publish,product,reifenpilot-300-ml-holts-alternativa-5191218
Reifenpilot 400 ml Holts alternativa 5191218,17.98 €,10.23 €,"Příslušenství, různé",publish,product,reifenpilot-400-ml-holts-alternativa-5191218
Reifenpilot 500 ml Holts alternativa 5191218,24.13 €,13.73 €,"Příslušenství, různé",publish,product,reifenpilot-500-ml-holts-alternativa-5191218
Sprej na opravu pneumatik 300 ml Motul P3,15.29 €,7.46 €,"Příslušenství, různé",publish,product,sprej-na-opravu-pneumatik-300-ml-motul-p3
Stecker 1-polig 18A 24V,9.37 €,4.57 €,"Příslušenství, různé",publish,product,stecker-1-polig-18a-24v
Stecker Universal 8A,7.65 €,4.98 €,"Příslušenství, různé",publish,product,stecker-universal-8a
Bezpečnostní zásuvka univerzální,8.57 €,4.53 €,"Příslušenství, různé",publish,product,bezpečnostní-zásuvka-univerzální
DIN úhlový adaptér,8.55 €,4.52 €,"Příslušenství, různé",publish,product,din-úhlový-adaptér
Winkelstecker 3A,24.48 €,12.94 €,"Příslušenství, různé",publish,product,winkelstecker-3a
Zásuvka se šroubovým připojením DIN ISO 4165,7.70 €,4.07 €,"Příslušenství, různé",publish,product,zásuvka-se-šroubovým-připojením-din-iso-4165
Startér/zásuvka pro nabíjení M+S veliký,19.26 €,10.96 €,"Příslušenství, různé",publish,product,startér/zásuvka-pro-nabíjení-m+s-veliký
Zásuvka USB 3A für Einbau,38.72 €,22.04 €,"Příslušenství, různé",publish,product,zásuvka-usb-3a-für-einbau
Zásuvka USB 3000 MA für Aufbau,38.54 €,21.93 €,"Příslušenství, různé",publish,product,zásuvka-usb-3000-ma-für-aufbau
Zásuvka DOPPEL USB für Aufbau 2X2500 MA,40.13 €,22.84 €,"Příslušenství, různé",publish,product,zásuvka-doppel-usb-für-aufbau-2x2500-ma
Spannungswandler 12V-5V USB 2.1A,15.72 €,8.95 €,"Příslušenství, různé",publish,product,spannungswandler-12v-5v-usb-2.1a
Doppelsteckdose USB 12/12V 3600MA USB-A / USB-C,56.73 €,32.28 €,"Příslušenství, různé",publish,product,doppelsteckdose-usb-12/12v-3600ma-usb-a-/-usb-c
Doppelsteckdose USB ALBRECHT 2x USB-A MAX 2A IPX6,27.80 €,19.21 €,"Příslušenství, různé",publish,product,doppelsteckdose-usb-albrecht-2x-usb-a-max-2a-ipx6
Doppelsteckdose USB ALBRECHT USB A+C 3A Quick Charge,33.85 €,24.77 €,"Příslušenství, různé",publish,product,doppelsteckdose-usb-albrecht-usb-a+c-3a-quick-charge
Einsteck Schloss BM2 Ausrückhebel kurz,34.00 €,23.49 €,Přívěsy & užitkové automobily & nákladní automobil,publish,product,einsteck-schloss-bm2-ausrückhebel-kurz
Brinkmatic Schloss NUR pro ABNEHMB BRINK ZUGV,13.07 €,9.04 €,Přívěsy & užitkové automobily & nákladní automobil,publish,product,brinkmatic-schloss-nur-pro-abnehmb-brink-zugv
Einsteck Schloss BM2 Ausrückhebel lang,34.00 €,23.49 €,Přívěsy & užitkové automobily & nákladní automobil,publish,product,einsteck-schloss-bm2-ausrückhebel-lang
Verschlußstopfen BRINK BMA BMC BMM,17.04 €,11.08 €,Přívěsy & užitkové automobily & nákladní automobil,publish,product,verschlußstopfen-brink-bma-bmc-bmm
Brzdové TROMMEL ALKO 200X35 RA4X100 alternativa 3380757,176.01 €,114.48 €,Přívěsy & užitkové automobily & nákladní automobil,publish,product,brzdové-trommel-alko-200x35-ra4x100-alternativa-3380757
Brzdové TROMMEL ALKO 200X35 RA4X100 s LAGER,273.88 €,178.14 €,Přívěsy & užitkové automobily & nákladní automobil,publish,product,brzdové-trommel-alko-200x35-ra4x100-s-lager
Brzdové TROMMEL ALKO 160X35 RA4X100 s LAGER,165.72 €,121.26 €,Přívěsy & užitkové automobily & nákladní automobil,publish,product,brzdové-trommel-alko-160x35-ra4x100-s-lager
Brzdové TROMMEL ALKO 160X35 RA4X100 s LAGER,98.07 €,71.76 €,Přívěsy & užitkové automobily & nákladní automobil,publish,product,brzdové-trommel-alko-160x35-ra4x100-s-lager
Brzdové TROMMEL ALKO 160X35 RA5X112 s LAGER,165.72 €,121.26 €,Přívěsy & užitkové automobily & nákladní automobil,publish,product,brzdové-trommel-alko-160x35-ra5x112-s-lager
Brzdové TROMMEL ALKO 160X35 RA4X100 s LAGER,142.15 €,104.01 €,Přívěsy & užitkové automobily & nákladní automobil,publish,product,brzdové-trommel-alko-160x35-ra4x100-s-lager
Brzdové TROMMEL ALKO 200X50 RA5X112 RADL39/72X37MM,280.98 €,182.75 €,Přívěsy & užitkové automobily & nákladní automobil,publish,product,brzdové-trommel-alko-200x50-ra5x112-radl39/72x37mm
Brzdové TROMMEL ALKO 200X50 RA5X112 RADL34/64X37MM,224.78 €,146.20 €,Přívěsy & užitkové automobily & nákladní automobil,publish,product,brzdové-trommel-alko-200x50-ra5x112-radl34/64x37mm
Brzdové TROMMEL ALKO 230X60 RA5X112,383.29 €,249.30 €,Přívěsy & užitkové automobily & nákladní automobil,publish,product,brzdové-trommel-alko-230x60-ra5x112
Brzdové TROMMEL ALKO 200X50 RA5X112 s LAGER,273.88 €,178.14 €,Přívěsy & užitkové automobily & nákladní automobil,publish,product,brzdové-trommel-alko-200x50-ra5x112-s-lager
Brzdové TROMMEL ALKO 200X50 RA5X112,176.01 €,114.48 €,Přívěsy & užitkové automobily & nákladní automobil,publish,product,brzdové-trommel-alko-200x50-ra5x112
Brzdové TROMMEL BPW 200X50 RA112X5 Lagersitz 18 mm,125.68 €,81.74 €,Přívěsy & užitkové automobily & nákladní automobil,publish,product,brzdové-trommel-bpw-200x50-ra112x5-lagersitz-18-mm
Brzdové TROMMEL BPW 200X50 RA112X5 Lagersitz 11 mm,234.24 €,152.35 €,Přívěsy & užitkové automobily & nákladní automobil,publish,product,brzdové-trommel-bpw-200x50-ra112x5-lagersitz-11-mm
Brzdové TROMMEL BPW 250X40 5-Loch 112X5,270.66 €,176.04 €,Přívěsy & užitkové automobily & nákladní automobil,publish,product,brzdové-trommel-bpw-250x40-5-loch-112x5
Brzdové TROMMEL KNOTT 200X50 2425-1 RA5X112,257.57 €,146.59 €,Přívěsy & užitkové automobily & nákladní automobil,publish,product,brzdové-trommel-knott-200x50-2425-1-ra5x112
Brzdové TROMMEL KNOTT 200X50 RA4X100,124.64 €,81.06 €,Přívěsy & užitkové automobily & nákladní automobil,publish,product,brzdové-trommel-knott-200x50-ra4x100
Brzdové TROMMEL KNOTT 200X50 RA5X112,161.76 €,105.21 €,Přívěsy & užitkové automobily & nákladní automobil,publish,product,brzdové-trommel-knott-200x50-ra5x112
Brzdové TROMMEL HUMB 200X50 RA5X112 W205RS,275.15 €,178.96 €,Přívěsy & užitkové automobily & nákladní automobil,publish,product,brzdové-trommel-humb-200x50-ra5x112-w205rs
Brzdové TROMMEL KNOTT 200X50 RA5X112,182.67 €,118.81 €,Přívěsy & užitkové automobily & nákladní automobil,publish,product,brzdové-trommel-knott-200x50-ra5x112
Brzdové TROMMEL KNOTT 250X40 25-2025,407.09 €,264.78 €,Přívěsy & užitkové automobily & nákladní automobil,publish,product,brzdové-trommel-knott-250x40-25-2025
Brzdové TROMMEL KNOTT 200X50 2425-1 RA5X112,257.57 €,146.59 €,Přívěsy & užitkové automobily & nákladní automobil,publish,product,brzdové-trommel-knott-200x50-2425-1-ra5x112
Brzdové TROMMEL KNOTT 200X50 RA4X100,124.64 €,81.06 €,Přívěsy & užitkové automobily & nákladní automobil,publish,product,brzdové-trommel-knott-200x50-ra4x100
Brzdové TROMMEL KNOTT 200X50 RA5X112,161.76 €,105.21 €,Přívěsy & užitkové automobily & nákladní automobil,publish,product,brzdové-trommel-knott-200x50-ra5x112
Brzdové TROMMEL KNOTT 200X50 2425-1 RA5X112,257.57 €,146.59 €,Přívěsy & užitkové automobily & nákladní automobil,publish,product,brzdové-trommel-knott-200x50-2425-1-ra5x112
Brzdové TROMMEL KNOTT 200X50 RA4X100,124.64 €,81.06 €,Přívěsy & užitkové automobily & nákladní automobil,publish,product,brzdové-trommel-knott-200x50-ra4x100
Brzdové TROMMEL KNOTT 200X50 RA5X112,161.76 €,105.21 €,Přívěsy & užitkové automobily & nákladní automobil,publish,product,brzdové-trommel-knott-200x50-ra5x112
Startovací zdroj GB40 12V 1000A Noco,133.68 €,76.08 €,Vybavení dílen,publish,product,startovací-zdroj-gb40-12v-1000a-noco
Startovací zdroj GB150 12V 3000A Noco,391.52 €,254.65 €,Vybavení dílen,publish,product,startovací-zdroj-gb150-12v-3000a-noco
Starthilfegerät GBX45 12V 1250A Noco,197.05 €,112.14 €,Vybavení dílen,publish,product,starthilfegerät-gbx45-12v-1250a-noco
Starthilfegerät GBX55 12V 1750A Noco,268.73 €,152.94 €,Vybavení dílen,publish,product,starthilfegerät-gbx55-12v-1750a-noco
Starthilfegerät GBX75 12V 2500A Noco,336.91 €,219.13 €,Vybavení dílen,publish,product,starthilfegerät-gbx75-12v-2500a-noco
Starthilfegerät GBX155 12V 4250A Noco,491.89 €,319.93 €,Vybavení dílen,publish,product,starthilfegerät-gbx155-12v-4250a-noco
Skan Boost 4000 JMP Lithium-Ionen Starthilfe 12V,511.48 €,332.67 €,Vybavení dílen,publish,product,skan-boost-4000-jmp-lithium-ionen-starthilfe-12v
Skan Boost 10000 JMP Lithium-Ionen Starthilfe 12/24V,1 012.18 €,658.33 €,Vybavení dílen,publish,product,skan-boost-10000-jmp-lithium-ionen-starthilfe-12/24v
Starthilfegerät 12V 700A GYSPACK za 800,627.87 €,408.37 €,Vybavení dílen,publish,product,starthilfegerät-12v-700a-gyspack-za-800
Starthilfegerät 12/24V GYS STARTPACK 12.24 CI,1 366.33 €,888.67 €,Vybavení dílen,publish,product,starthilfegerät-12/24v-gys-startpack-12.24-ci
Starthilfegerät 12/24V GYS STARTPACK za 12.24CI,2 192.48 €,1 426.00 €,Vybavení dílen,publish,product,starthilfegerät-12/24v-gys-startpack-za-12.24ci
Starthilfegerät 12V 800A Kondensatortechnik,413.08 €,268.67 €,Vybavení dílen,publish,product,starthilfegerät-12v-800a-kondensatortechnik
Starthilfegerät 12V 1650A MBO_MINI_G7EVO,391.44 €,254.59 €,Vybavení dílen,publish,product,starthilfegerät-12v-1650a-mbo_mini_g7evo
Bordnetz Spannungshalter pro BATTERIETAUSCH,20.92 €,14.46 €,Vybavení dílen,publish,product,bordnetz-spannungshalter-pro-batterietausch
Lade-/Datenkabel Micro-USB 1.5M černá HAMA,12.40 €,8.57 €,Vybavení dílen,publish,product,lade-/datenkabel-micro-usb-1.5m-černá-hama
Ladegerät Micro-USB,19.16 €,12.46 €,Vybavení dílen,publish,product,ladegerät-micro-usb
Ladegerät 230V für Booster 6093303,59.78 €,38.88 €,Vybavení dílen,publish,product,ladegerät-230v-für-booster-6093303
ADAPTOR EYELET CABLE NOCO GB20/GB40/G750/G1100/G350,38.03 €,21.64 €,Vybavení dílen,publish,product,adaptor-eyelet-cable-noco-gb20/gb40/g750/g1100/g350
Netzteil Noco 56W pro GB70/GB150,78.97 €,51.36 €,Vybavení dílen,publish,product,netzteil-noco-56w-pro-gb70/gb150
LADEKABEL s KLEMMEN NOCO für GB20 GB40 GBX45,38.03 €,21.64 €,Vybavení dílen,publish,product,ladekabel-s-klemmen-noco-für-gb20-gb40-gbx45
Netzteil Noco 65W für GBX 45/55/75/155,85.80 €,55.81 €,Vybavení dílen,publish,product,netzteil-noco-65w-für-gbx-45/55/75/155
Netzteil 12V 1A pro JMP SKAN BOOST 4000,32.79 €,21.33 €,Vybavení dílen,publish,product,netzteil-12v-1a-pro-jmp-skan-boost-4000
Dockingstation JMP pro SKAN BOOST 10000,83.03 €,54.00 €,Vybavení dílen,publish,product,dockingstation-jmp-pro-skan-boost-10000
Dockingstation JMP pro SKAN BOOST 4000,62.37 €,40.57 €,Vybavení dílen,publish,product,dockingstation-jmp-pro-skan-boost-4000
Ladegerät ASM 12/500 - ASM 12/800,112.77 €,73.34 €,Vybavení dílen,publish,product,ladegerät-asm-12/500---asm-12/800
Ladegerät ASM 12-24/1520+12-24/1600,181.56 €,118.09 €,Vybavení dílen,publish,product,ladegerät-asm-12-24/1520+12-24/1600
Ersatzakku ASM 12/500,270.96 €,176.23 €,Vybavení dílen,publish,product,ersatzakku-asm-12/500
Ersatzakku ASM 12/760-ASM 12-24/1600,408.22 €,265.51 €,Vybavení dílen,publish,product,ersatzakku-asm-12/760-asm-12-24/1600
Pojistky 300A pro KUNZER MOTORSTARTER,16.91 €,11.00 €,Vybavení dílen,publish,product,pojistky-300a-pro-kunzer-motorstarter
Pojistky 500A pro KUNZER MOTORSTARTER,16.91 €,11.00 €,Vybavení dílen,publish,product,pojistky-500a-pro-kunzer-motorstarter
Schlitzmutter 14442 JMP balení 10 ks.,9.66 €,4.71 €,Výfukový systém - díly,publish,product,schlitzmutter-14442-jmp-balení-10-ks.
Šroub M10 x 1.5X30MM,3.31 €,1.61 €,Výfukový systém - díly,publish,product,šroub-m10-x-1.5x30mm
Šroub Výfuk JMP M6 obsah 10 ks.,11.91 €,5.81 €,Výfukový systém - díly,publish,product,šroub-výfuk-jmp-m6-obsah-10-ks.
Nýt Koncovka výfuku Gasdicht Alternative: 7821033,1.09 €,0.71 €,Výfukový systém - díly,publish,product,nýt-koncovka-výfuku-gasdicht-alternative:-7821033
NIETE Tlumič výfuku sada GASDICHT obsah 20,6.89 €,3.92 €,Výfukový systém - díly,publish,product,niete-tlumič-výfuku-sada-gasdicht-obsah-20
Výfuk Pružina JMP 60MM obsah 4 ks.,10.55 €,5.15 €,Výfukový systém - díly,publish,product,výfuk-pružina-jmp-60mm-obsah-4-ks.
Výfuk Pružina JMP 60 mm,11.03 €,5.38 €,Výfukový systém - díly,publish,product,výfuk-pružina-jmp-60-mm
Pružina výfuku JMP 57 mm obsahuje 4 kusy,9.89 €,4.82 €,Výfukový systém - díly,publish,product,pružina-výfuku-jmp-57-mm-obsahuje-4-kusy
Pružina výfuku JMP 75 mm obsahuje 4 kusy,9.69 €,4.73 €,Výfukový systém - díly,publish,product,pružina-výfuku-jmp-75-mm-obsahuje-4-kusy
Pružina výfuku JMP 83MM obsahuje 4 kusy,9.69 €,4.73 €,Výfukový systém - díly,publish,product,pružina-výfuku-jmp-83mm-obsahuje-4-kusy
Pružina výfuku JMP 90 mm obsahuje 4 kusy,15.42 €,7.52 €,Výfukový systém - díly,publish,product,pružina-výfuku-jmp-90-mm-obsahuje-4-kusy
Pružina výfuku JMP 99MM obsahuje 4 kusy,14.50 €,7.07 €,Výfukový systém - díly,publish,product,pružina-výfuku-jmp-99mm-obsahuje-4-kusy
Pružina výfuku JMP 80 mm,11.03 €,5.38 €,Výfukový systém - díly,publish,product,pružina-výfuku-jmp-80-mm
Šroub STIFT M8X1.25X55MM,1.86 €,0.91 €,Výfukový systém - díly,publish,product,šroub-stift-m8x1.25x55mm
Šroub STIFT M8X1.25X40MM,2.29 €,1.12 €,Výfukový systém - díly,publish,product,šroub-stift-m8x1.25x40mm
SCHR VENTD OE,7.42 €,4.82 €,Výfukový systém - díly,publish,product,schr-ventd-oe
STEHBOLZEN sada Tlumič výfuku Naraku M6X32 MM,6.22 €,3.04 €,Výfukový systém - díly,publish,product,stehbolzen-sada-tlumič-výfuku-naraku-m6x32-mm
STEHBOLZEN sada Tlumič výfuku Naraku M6/M7X30 mm,6.79 €,3.31 €,Výfukový systém - díly,publish,product,stehbolzen-sada-tlumič-výfuku-naraku-m6/m7x30-mm
STEHBOLZEN Tlumič výfuku 101 Octane M6X27 mm,3.69 €,1.80 €,Výfukový systém - díly,publish,product,stehbolzen-tlumič-výfuku-101-octane-m6x27-mm
STEHBOLZEN sada JMP 5/16-18 auf 5/16-24,17.31 €,8.44 €,Výfukový systém - díly,publish,product,stehbolzen-sada-jmp-5/16-18-auf-5/16-24
STEHBOLZEN Tlumič výfuku JMP M6X27 mm,3.51 €,1.71 €,Výfukový systém - díly,publish,product,stehbolzen-tlumič-výfuku-jmp-m6x27-mm
STEHBOLZEN Tlumič výfuku originální díl M7X37 mm,2.71 €,1.76 €,Výfukový systém - díly,publish,product,stehbolzen-tlumič-výfuku-originální-díl-m7x37-mm
STEHBOLZEN Tlumič výfuku,3.44 €,1.68 €,Výfukový systém - díly,publish,product,stehbolzen-tlumič-výfuku
STEHBOLZEN Tlumič výfuku originální díl alternativa 7821095,4.03 €,2.62 €,Výfukový systém - díly,publish,product,stehbolzen-tlumič-výfuku-originální-díl-alternativa-7821095
STEHBOLZEN Tlumič výfuku originální díl M8X24 mm,9.11 €,5.93 €,Výfukový systém - díly,publish,product,stehbolzen-tlumič-výfuku-originální-díl-m8x24-mm
STEHBOLZEN Tlumič výfuku originální díl M8X22 mm,3.32 €,2.16 €,Výfukový systém - díly,publish,product,stehbolzen-tlumič-výfuku-originální-díl-m8x22-mm
STEHBOLZEN Tlumič výfuku originální díl M8X42 mm,4.44 €,2.89 €,Výfukový systém - díly,publish,product,stehbolzen-tlumič-výfuku-originální-díl-m8x42-mm
STEHBOLZEN Tlumič výfuku originální díl M8X36.5 mm,4.35 €,2.83 €,Výfukový systém - díly,publish,product,stehbolzen-tlumič-výfuku-originální-díl-m8x36.5-mm
STEHBOLZEN Tlumič výfuku originální díl siehe 7821098 01/25,3.19 €,2.07 €,Výfukový systém - díly,publish,product,stehbolzen-tlumič-výfuku-originální-díl-siehe-7821098-01/25
STEHBOLZEN Tlumič výfuku alternativa 7821081,6.32 €,3.08 €,Výfukový systém - díly,publish,product,stehbolzen-tlumič-výfuku-alternativa-7821081
Světlo HECK pravý,74.05 €,48.16 €,Výprodej zboží,publish,product,světlo-heck-pravý
SCHWEINW HAUPT pravý MQ,832.45 €,541.43 €,Výprodej zboží,publish,product,schweinw-haupt-pravý-mq
Světlomet HAUPT levý MQ,180.56 €,117.44 €,Výprodej zboží,publish,product,světlomet-haupt-levý-mq
Světlo HECK pravý MQ,220.02 €,143.10 €,Výprodej zboží,publish,product,světlo-heck-pravý-mq
Světlomet mlhovka MQ,71.51 €,46.51 €,Výprodej zboží,publish,product,světlomet-mlhovka-mq
Světlo HECK levý MQ,96.41 €,62.70 €,Výprodej zboží,publish,product,světlo-heck-levý-mq
Světlo HECK,145.87 €,94.87 €,Výprodej zboží,publish,product,světlo-heck
Světlo HECK,97.54 €,63.44 €,Výprodej zboží,publish,product,světlo-heck
Světlomet HAUPT MQ,602.56 €,391.91 €,Výprodej zboží,publish,product,světlomet-haupt-mq
Světlo HECK pravý MQ,-,-,Výprodej zboží,publish,product,světlo-heck-pravý-mq
Přerušovací relé ARBEITSSTROM,51.11 €,33.24 €,Výprodej zboží,publish,product,přerušovací-relé-arbeitsstrom
Widerstand Gebläse MQ alternativa 1080466,16.85 €,10.96 €,Výprodej zboží,publish,product,widerstand-gebläse-mq-alternativa-1080466
Regulátor GEBLAESE INNEN ID läuft aus 1123,158.09 €,102.82 €,Výprodej zboží,publish,product,regulátor-geblaese-innen-id-läuft-aus-1123
Einspritzdüse Austauschteil,459.23 €,298.69 €,Výprodej zboží,publish,product,einspritzdüse-austauschteil
ABSCHALTVOR EINSPR ANLAGE,170.06 €,110.61 €,Výprodej zboží,publish,product,abschaltvor-einspr-anlage
Zapalovací VERTEILER AT,117.02 €,76.11 €,Výprodej zboží,publish,product,zapalovací-verteiler-at
Zapalovací cívka MQ,150.37 €,97.80 €,Výprodej zboží,publish,product,zapalovací-cívka-mq
Zapalovací cívka MQ,52.02 €,33.83 €,Výprodej zboží,publish,product,zapalovací-cívka-mq
Zapalovací cívka,38.93 €,25.32 €,Výprodej zboží,publish,product,zapalovací-cívka
Zapalovací LEIT sada,41.77 €,27.17 €,Výprodej zboží,publish,product,zapalovací-leit-sada
Alternátor AT,345.94 €,225.00 €,Výprodej zboží,publish,product,alternátor-at
Alternátor AT,387.45 €,252.00 €,Výprodej zboží,publish,product,alternátor-at
Alternátor,227.50 €,147.97 €,Výprodej zboží,publish,product,alternátor
Alternátor ID AT,221.29 €,143.93 €,Výprodej zboží,publish,product,alternátor-id-at
Alternátor,165.59 €,107.70 €,Výprodej zboží,publish,product,alternátor
Startér NEUTEIL,370.48 €,240.96 €,Výprodej zboží,publish,product,startér-neuteil
Alternátor NEUTEIL,329.32 €,214.19 €,Výprodej zboží,publish,product,alternátor-neuteil
Startér,135.79 €,88.32 €,Výprodej zboží,publish,product,startér
Alternátor,297.23 €,193.32 €,Výprodej zboží,publish,product,alternátor
Startér NEUTEIL,309.60 €,201.37 €,Výprodej zboží,publish,product,startér-neuteil
