Name,Selling Price,Price Without Tax,Category
Podložka ABS Čidlo 0.05MM originální díl,5.67 €,3.69 €,Brzdy
Podložka ABS Čidlo 0.10MM originální díl,5.67 €,3.69 €,Brzdy
Podložka ABS Čidlo 0.20MM originální díl,5.67 €,3.69 €,Brzdy
Podložka ABS Čidlo 0.30MM originální díl,5.67 €,3.69 €,Brzdy
Podložka ABS Čidlo 0.40MM originální díl,5.67 €,3.69 €,Brzdy
Podložka ABS Čidlo 0.50MM originální díl,5.67 €,3.69 €,Brzdy
Podložka ABS Čidlo 1.00MM originální díl,5.67 €,3.69 €,Brzdy
Podložka ABS Čidlo 0.07MM originální díl,4.83 €,3.14 €,Brzdy
plasty Držák ABS,0.92 €,0.45 €,Brzdy
Čidlo ABS TMX,71.19 €,46.30 €,Brzdy
Čidlo ABS TMX,50.44 €,32.81 €,Brzdy
Čidlo ABS TMX,50.44 €,32.81 €,Brzdy
Čidlo ABS TMX,56.31 €,36.62 €,Brzdy
Čidlo ABS TMX,56.31 €,36.62 €,Brzdy
Čidlo ABS TMX,56.31 €,36.62 €,Brzdy
ABS senzor,86.57 €,52.79 €,Brzdy
Šroub originální díl M8X1.25X30MM,2.46 €,1.60 €,Brzdy
Šroub ABS senzoru originální díl M5X0.8X10MM,3.55 €,2.31 €,Brzdy
Šroub Brzdový kotouč originální díl M8X1.25X24MM,6.13 €,3.98 €,Brzdy
Šroub brzdového kotouče originální díl M6X1.0X20MM,1.32 €,0.86 €,Brzdy
Šroub brzdového kotouče originální díl M8X1.25X26MM,2.04 €,1.33 €,Brzdy
Šroub brzdového kotouče originální díl M6X1.0X20MM,3.71 €,2.42 €,Brzdy
Šroub originální díl M6X1.00X20MM,1.59 €,1.03 €,Brzdy
Šroub Brzdový kotouč originální díl M6X1X16MM,2.84 €,1.85 €,Brzdy
Šroub Brzdový kotouč originální díl M6X1X19MM,3.28 €,2.14 €,Brzdy
Šroub brzdového kotouče originální díl M6X1.0X26MM,3.28 €,2.14 €,Brzdy
Šroub brzdového kotouče originální díl M8X1.25X30MM,3.95 €,2.57 €,Brzdy
Šroub Brzdový kotouč originální díl M8X1.25X25MM,4.10 €,2.66 €,Brzdy
Šroub brzdového kotouče originální díl M6X1.0X25MM,1.91 €,1.24 €,Brzdy
Šroub Brzdový kotouč originální díl M8X1.25X25MM,1.72 €,1.12 €,Brzdy
Additiv E10 150 ml Liqui Moly,10.30 €,5.86 €,Dílenský spotřební materiál a chemie
REINIGER BENZIN motocyklový 300ML Liqui Moly,17.32 €,9.86 €,Dílenský spotřební materiál a chemie
Additiv Katalysator Schutz 300 ml Liqui Moly,18.12 €,10.31 €,Dílenský spotřební materiál a chemie
Reiniger INJEKTION 120ML DIREKT za LINE LM,16.16 €,9.20 €,Dílenský spotřební materiál a chemie
Čistič karburátorů 300 ml Liqui Moly MTX,10.85 €,6.17 €,Dílenský spotřební materiál a chemie
Injektorreiniger 300 ml Liqui Moly,16.89 €,9.61 €,Dílenský spotřební materiál a chemie
Speciální čistič 3-2 2L pro karburátory,103.75 €,67.48 €,Dílenský spotřební materiál a chemie
Čistič karburátorů 1 lit.,27.06 €,13.20 €,Dílenský spotřební materiál a chemie
Čistič paliva 200ML MTL alternativa 7140661,28.66 €,13.98 €,Dílenský spotřební materiál a chemie
ADDITIV Čistič 250ML alternativa 7140559,11.81 €,5.76 €,Dílenský spotřební materiál a chemie
Profi Fuel Max PFM 150 ml,14.40 €,8.20 €,Dílenský spotřební materiál a chemie
Additiv Octane Booster 200 ml Liqui Moly,13.43 €,7.64 €,Dílenský spotřební materiál a chemie
Additiv Katalysator Schutz 300 ml Liqui Moly,18.12 €,10.31 €,Dílenský spotřební materiál a chemie
Ventil SAUBER 150ML LM,7.60 €,4.33 €,Dílenský spotřební materiál a chemie
Luftmassensensor-Reiniger 200 ml alternativa 5570297,12.42 €,7.07 €,Dílenský spotřební materiál a chemie
KONTRASTM Olej+BENZ 6X30ML UV Tracer DYES,97.79 €,63.60 €,Dílenský spotřební materiál a chemie
Additiv Hybrid 250 ml Liqui Moly,12.20 €,6.94 €,Dílenský spotřební materiál a chemie
Speed Benzinadditiv 1 Liter Liqui Moly alternativa 7140659,21.84 €,12.43 €,Dílenský spotřební materiál a chemie
Stabilizátor benzínu 250 ml Liqui Moly,13.65 €,7.77 €,Dílenský spotřební materiál a chemie
Čistič paliva 200ML MTL alternativa 7140661,28.66 €,13.98 €,Dílenský spotřební materiál a chemie
Benzinadditiv 250 ml alternativa 5588298,11.81 €,5.76 €,Dílenský spotřební materiál a chemie
Korrosionsadditiv 250 ml alternativa 7140557,13.89 €,6.77 €,Dílenský spotřební materiál a chemie
ADDITIV Čistič 250ML alternativa 7140559,11.81 €,5.76 €,Dílenský spotřební materiál a chemie
Profi Fuel Max PFM 150 ml,14.40 €,8.20 €,Dílenský spotřební materiál a chemie
Korrosionsadditiv 250 ml alternativa 7140557,13.89 €,6.77 €,Dílenský spotřební materiál a chemie
Additiv Benzin Bleiersatz 250 ml Liqui Moly Dosierflasche,11.17 €,6.36 €,Dílenský spotřební materiál a chemie
Speed Tec Benzinadditiv 250 ml Liqui Moly,11.75 €,6.69 €,Dílenský spotřební materiál a chemie
Benzin Systempflege 300 ml Liqui Moly,13.99 €,7.96 €,Dílenský spotřební materiál a chemie
Benzin Systemreiniger 500 ml za LINE LM,25.76 €,14.66 €,Dílenský spotřební materiál a chemie
Additiv Octane Booster 200 ml Liqui Moly,13.43 €,7.64 €,Dílenský spotřební materiál a chemie
Baterie 9V Ni-MH Varta 1er Blister Recharge Accu Power,13.43 €,8.74 €,Elektro
Baterie 9V Lithium-Ionen 1er Blister Ultra Lithium-Ionen,13.07 €,9.04 €,Elektro
Baterie 9V Longlife EX 1er Blister Longlife,3.44 €,1.82 €,Elektro
Baterie 9V High Energy 1er Blister LL POW MQ 1566002,4.54 €,2.40 €,Elektro
Baterie 9V BLOCK UD 1er Blister Varta 1560200,2.40 €,1.56 €,Elektro
Baterie Mignon Solar Varta 2er BLI Solar,6.19 €,3.27 €,Elektro
Baterie Mignon Ni-MH Varta 4er Blister Recharge Accu Power,20.66 €,13.44 €,Elektro
Baterie MIGNON AA VA 4er Blister Longlife Max Power,5.29 €,2.80 €,Elektro
Baterie MIGNON AA VA 4er Blister LL POW MQ 1566000,4.06 €,2.15 €,Elektro
Baterie MIGNON AA VA 4er Blister Longlife,3.63 €,1.92 €,Elektro
Baterie Mignon Lithium-Ionen 4 PACK ULTRA LITHIUM,11.37 €,7.39 €,Elektro
Baterie Mignon Ni-MH Varta 4er Blister Recharge Accu Power,14.46 €,9.41 €,Elektro
Baterie Mignon Ni-MH Varta 2er Blister Recharge Accu Power,7.74 €,5.03 €,Elektro
Baterie MIGNON AA UD 4er Blister Varta 1560123,2.39 €,1.55 €,Elektro
Baterie V76PX 1er Blister Silver,3.05 €,1.61 €,Elektro
Baterie CR1225 3V 1er Blister Lithium-Ionen,3.81 €,2.02 €,Elektro
Baterie V12GA / LR43 1er Blister Alkaline,1.59 €,0.84 €,Elektro
Baterie CR1216 1er Blister Lithium-Ionen,2.88 €,1.52 €,Elektro
Baterie CR2354 VA 1er Blister Lithium-Ionen,4.83 €,2.55 €,Elektro
Baterie V301 VA 1er Blister Silver,3.47 €,1.83 €,Elektro
Baterie V303 VA 1er Blister Silver,5.15 €,2.93 €,Elektro
Baterie V315 VA 1er Blister Silver,2.78 €,1.47 €,Elektro
Baterie V317 VA 1er Blister Silver,3.12 €,1.65 €,Elektro
Baterie V335 VA 1er Blister Silver,2.37 €,1.54 €,Elektro
Baterie V370 VA 1er Blister Silver,2.78 €,1.47 €,Elektro
Baterie V373 VA 1er Blister Silver,2.78 €,1.47 €,Elektro
Baterie V379 VA 1er Blister Silver,2.08 €,1.10 €,Elektro
Baterie V384 VA 1er Blister Silver,2.78 €,1.47 €,Elektro
Baterie V386 VA 1er Blister Silver,4.59 €,2.42 €,Elektro
Baterie V389 VA 1er Blister Silver,3.67 €,1.94 €,Elektro
Olejový filtr Hiflo K&N 7230301,4.26 €,2.15 €,Filtr
Vzduchový filtr HIFLO Vario,7.20 €,3.63 €,Filtr
Vzduchový filtr HIFLO Vario,10.58 €,5.33 €,Filtr
Vzduchový filtr HIFLO Vario levý,12.85 €,6.48 €,Filtr
Vzduchový filtr HIFLO Vario pravý,10.52 €,5.30 €,Filtr
Vzduchový filtr Pěnový (originální náhradní díl),1.19 €,0.78 €,Filtr
Vzduchový filtr HIFLO Vario,14.59 €,7.36 €,Filtr
Filtr vzduchový HIF Vario,7.74 €,3.90 €,Filtr
Filtr vzduchový pěnový originální díl Nebenluftfilter,1.38 €,0.90 €,Filtr
Filtr vzduchový pěnový JMP Nebenluftfilter,4.58 €,2.23 €,Filtr
Filtr vzduchový pěnový originální díl Vario,5.36 €,3.49 €,Filtr
Filtr vzduchový pěnový originální díl Vario,2.32 €,1.51 €,Filtr
Filtr vzduchový pěnový originální díl Vario,5.74 €,3.74 €,Filtr
Filtr vzduchový pěnový originální díl Vario,4.94 €,3.22 €,Filtr
Filtr vzduchový originální díl Vario,14.48 €,9.42 €,Filtr
Filtr vzduchový originální díl Vario,25.83 €,16.80 €,Filtr
Filtr vzduchový pěnový originální díl Vario,3.47 €,2.26 €,Filtr
Filtr vzduchový pěnový originální díl,31.88 €,20.74 €,Filtr
Filtr vzduchový pěnový originální díl,12.12 €,7.88 €,Filtr
Filtr vzduchový originální díl Vario,77.33 €,50.30 €,Filtr
Filtr vzduchový originální díl Vario,27.44 €,17.85 €,Filtr
Filtr vzduchový pěnový originální díl Vario,6.21 €,4.04 €,Filtr
Filtr vzduchový originální díl Vario,19.08 €,12.41 €,Filtr
FILT LUFT OE VARIO,113.38 €,73.74 €,Filtr
FILT LUFT OE VARIO,79.45 €,51.67 €,Filtr
FILT LUFT OE VARIO,35.89 €,23.34 €,Filtr
FILT LUFT OE VARIO,34.30 €,22.31 €,Filtr
FILT LUFT OE VARIO,27.80 €,18.08 €,Filtr
Filtr vzduchový originální díl Vario,52.48 €,34.14 €,Filtr
Filtr vzduchový pěnový originální díl Vario,3.25 €,2.11 €,Filtr
4D Heidenau 33G/90 Duše,13.22 €,7.53 €,Kola a pneumatiky
Schlauch 3.00-4 TR13 gerades Ventil,14.26 €,7.53 €,Kola a pneumatiky
Schlauch 11X4.00-4 Rasen,11.22 €,5.93 €,Kola a pneumatiky
Schlauch 3.00-4 260X85 4.10/3.50-4,9.04 €,4.78 €,Kola a pneumatiky
4D Heidenau 33G/90 Duše,13.22 €,7.53 €,Kola a pneumatiky
Schlauch 11X4.00-5 Rasen,15.84 €,8.37 €,Kola a pneumatiky
Schlauch 13X5.00/6.00-6 Rasen,14.11 €,7.46 €,Kola a pneumatiky
Schlauch 13X6.50-6 Rasen,14.69 €,7.76 €,Kola a pneumatiky
Schlauch 15X5.50/6.00-6 Rasen,12.00 €,6.34 €,Kola a pneumatiky
Schlauch 16X6.50/7.50-8/ 18X6.50-8 Rasen,13.57 €,7.17 €,Kola a pneumatiky
3.50/4.00-8 TR87 Duše,10.07 €,4.91 €,Kola a pneumatiky
3.50/4.00-8 TR4 Duše,9.61 €,4.69 €,Kola a pneumatiky
8E/F Heidenau 41.5/70 Duše,16.61 €,9.45 €,Kola a pneumatiky
8E/F Heidenau 33G/90 Duše,15.07 €,8.58 €,Kola a pneumatiky
Schlauch 3.50/4.00-8 16X4 400X100 TR13,10.06 €,5.32 €,Kola a pneumatiky
3.50/4.00-8 TR87 Duše,10.07 €,4.91 €,Kola a pneumatiky
3.50/4.00-8 TR4 Duše,9.61 €,4.69 €,Kola a pneumatiky
8E/F Heidenau 41.5/70 Duše,16.61 €,9.45 €,Kola a pneumatiky
8E/F Heidenau 33G/90 Duše,15.07 €,8.58 €,Kola a pneumatiky
Schlauch 18X7.00/7.50/ 8.50/9.50/11.00-8 Rasen,19.90 €,10.52 €,Kola a pneumatiky
2.75/3.00-8 TR87 Duše,8.51 €,4.15 €,Kola a pneumatiky
Schlauch 20X7.00/8.00/ 10.00-8 Rasen,22.44 €,11.86 €,Kola a pneumatiky
Schlauch 3.50/4.00-8 16X4 400X100 TR13,10.06 €,5.32 €,Kola a pneumatiky
3.50/4.00-8 TR87 Duše,10.07 €,4.91 €,Kola a pneumatiky
2.75/3.00-8 TR87 Duše,8.51 €,4.15 €,Kola a pneumatiky
3.50/4.00-8 TR4 Duše,9.61 €,4.69 €,Kola a pneumatiky
8E/F Heidenau 41.5/70 Duše,16.61 €,9.45 €,Kola a pneumatiky
8E/F Heidenau 33G/90 Duše,15.07 €,8.58 €,Kola a pneumatiky
3.50/4.00-8 742 Schlauch Michelin 8B4,21.59 €,12.29 €,Kola a pneumatiky
3.50/4.00-8 1202 Schlauch Michelin 8B3,31.55 €,17.96 €,Kola a pneumatiky
PASSHUELSE originální díl 9.5X15MM,1.54 €,1.00 €,Motor
O-kroužek 1.5X10.5MM ATH,3.10 €,1.51 €,Motor
O-kroužek 2.4X23.3MM originální díl,4.42 €,2.87 €,Motor
O-kroužek 2X21.5MM originální díl,3.22 €,2.10 €,Motor
O-kroužek 3.1X22.7MM originální díl,4.07 €,2.65 €,Motor
Šroub VERSCHLUSS originální díl,6.25 €,4.06 €,Motor
Vypouštěcí šroub JMP balení obsahuje 10 kusů,19.07 €,9.30 €,Motor
Šroub M3X0.5X8MM,0.74 €,0.36 €,Motor
Šroub STIFT M8X1.25X55MM,1.86 €,0.91 €,Motor
BOLZEN originální díl M7X75MM,6.43 €,4.18 €,Motor
SPANNSTIFT 4X26MM originální díl,5.58 €,3.63 €,Motor
Šroub STIFT originální díl,10.98 €,7.14 €,Motor
Pružina Ventil OELDRUCK originální díl,2.88 €,1.87 €,Motor
Pružina Ventil OELDRUCK originální díl,6.65 €,4.33 €,Motor
Těsnění válec HAUBE ATH,4.66 €,2.27 €,Motor
Šroub M6X1X34MM,18.03 €,8.80 €,Motor
Šroub VERSCHLUSS originální díl,9.47 €,6.16 €,Motor
ucpávky,2.60 €,1.27 €,Motor
ucpávky originální díl,15.61 €,10.15 €,Motor
Zpětný ventil,67.40 €,32.88 €,Motor
Tlumící pryž TMX obsah 1 ks.,2.34 €,1.14 €,Motor
Tlumící pryž TMX obsah 1 ks.,2.15 €,1.05 €,Motor
Tlumící pryž TMX obsah 1 ks.,2.34 €,1.14 €,Motor
Tlumící pryž TMX obsah 1 ks.,2.34 €,1.14 €,Motor
Tlumící pryž TMX obsah 1 ks.,2.46 €,1.20 €,Motor
Tlumící pryž TMX obsah 1 ks.,2.28 €,1.11 €,Motor
Tlumící pryž TMX obsah 1 ks.,3.32 €,1.62 €,Motor
Tlumící pryž TMX obsah 1 ks.,2.15 €,1.05 €,Motor
Pouzdro originální díl 6.4X10X25MM,4.00 €,2.60 €,Motor
Chladič,74.01 €,42.12 €,Motor
Pistolenschleifer-Set 3M,344.77 €,210.23 €,Nářadí
Feilenbandmaschinenset 3M,599.53 €,365.57 €,Nářadí
BIT sada 32TLG Milwaukee,34.86 €,22.67 €,Nářadí
Starterset 12V Milwaukee 2x Akku 2.0AH + Ladegerät,164.33 €,106.88 €,Nářadí
akumulátor 12V 2AH MILWAUKEE M12 B2,92.25 €,60.00 €,Nářadí
Akumulátor Milwaukee 12V M12 B4,121.08 €,78.75 €,Nářadí
akumulátor 12V 6AH MILWAUKEE M12 B6,149.91 €,97.50 €,Nářadí
Starterset 12V Milwaukee 2x Akku 4.0AH + Ladegerät,229.19 €,149.06 €,Nářadí
akumulátor BOHRSCHR M12BDD-201C 12V 2.0AH,180.67 €,117.51 €,Nářadí
ERSATZ akumulátor 14 4 VOLT GYS Elektropower,256.21 €,166.64 €,Nářadí
akumulátor 18V 4AH MILWAUKEE M18 B4,193.16 €,125.63 €,Nářadí
akumulátor 18V 2AH MILWAUKEE M18 B2,164.33 €,106.88 €,Nářadí
akumulátor 18V 5AH MILWAUKEE M18 B5,229.19 €,149.06 €,Nářadí
akumulátor 18V 5.5AH MILWAUKEE M18 HB5.5,286.84 €,186.56 €,Nářadí
akumulátor 18V 6AH MILWAUKEE M18 FB6,336.71 €,219.00 €,Nářadí
akumulátor 18V 8AH MILWAUKEE M18 FB8,367.46 €,239.00 €,Nářadí
akumulátor 18V 12AH MILWAUKEE M18 FB12,459.71 €,299.00 €,Nářadí
Ladegerät M12-18FC 12+18V,171.54 €,111.57 €,Nářadí
Ladegerät C12C 12V,121.08 €,78.75 €,Nářadí
Ladegerät 18V Multi für 6 Akkus 18V,252.15 €,164.00 €,Nářadí
Ladegerät 12V Multi für 4 Akkus 12V,182.96 €,119.00 €,Nářadí
ZWEIFACH SCHNELLLADEGER M18DBSC,413.59 €,269.00 €,Nářadí
akumulátor MASCHINEN SET 12V M12FPP2X2-402X,751.84 €,489.00 €,Nářadí
Auto Ladegerät M12-18 AC 12+18V,175.28 €,114.00 €,Nářadí
Starterset 12V Milwaukee 2x Akku 2.0AH + Ladegerät,164.33 €,106.88 €,Nářadí
Starterset 12V Milwaukee 2x Akku 4.0AH + Ladegerät,229.19 €,149.06 €,Nářadí
akumulátor KARTUSCHENPIST 18V C18PCG/600A,713.40 €,464.00 €,Nářadí
akumulátor KARTUSCHENPIST 12V M12 PCG/310C-201B,413.59 €,269.00 €,Nářadí
akumulátor KARTUSCHENPIST 18V C18 PCG/310 Kart Aufnahme,713.40 €,464.00 €,Nářadí
akumulátor KARTUSCHENPIST 18V C18 PCG/400T-201B,782.59 €,509.00 €,Nářadí
Držák bočních kufrů pro 3P SYSTEM,223.76 €,127.34 €,Novinky
Filtr vzduchový pěnový originální díl Nebenluftfilter,11.45 €,7.45 €,Novinky
Pružina LIN Tlumiče YSS Federrate 7.5,125.05 €,71.17 €,Novinky
Montážní sada YSS tlumič řízení,292.08 €,156.72 €,Novinky
Čerpadlo paliva JMP alternativa 7000554,102.36 €,49.93 €,Novinky
Čerpadlo paliva JMP alternativa 7000801,117.28 €,57.21 €,Novinky
Čerpadlo paliva JMP alternativa 7002090,101.62 €,49.57 €,Novinky
Čerpadlo paliva JMP alternativa 7002935,111.27 €,54.28 €,Novinky
Plovák Kompletní JMP alternativa 7241233,18.34 €,8.95 €,Novinky
Plovák Kompletní JMP,17.38 €,8.48 €,Novinky
Plovák Kompletní JMP,18.34 €,8.95 €,Novinky
Plovák Kompletní JMP,18.34 €,8.95 €,Novinky
Plovák Kompletní JMP alternativa 7242258,18.34 €,8.95 €,Novinky
Plovák Kompletní JMP,18.34 €,8.95 €,Novinky
Plovák Kompletní JMP alternativa 7242613,18.34 €,8.95 €,Novinky
Plovák Kompletní JMP alternativa 7242647,18.34 €,8.95 €,Novinky
Plovák Kompletní JMP alternativa 7243018,15.01 €,7.32 €,Novinky
Plovák Kompletní JMP,18.34 €,8.95 €,Novinky
Plovák Kompletní JMP,17.38 €,8.48 €,Novinky
Plovák Kompletní JMP,17.38 €,8.48 €,Novinky
Plovák Kompletní JMP,19.30 €,9.41 €,Novinky
Plovák Kompletní JMP,14.00 €,6.83 €,Novinky
Plovák Kompletní JMP,16.37 €,7.99 €,Novinky
Plovák Kompletní JMP,17.38 €,8.48 €,Novinky
Plovák Kompletní JMP,15.01 €,7.32 €,Novinky
Plovák Kompletní JMP,12.99 €,6.34 €,Novinky
Plovák Kompletní JMP,18.34 €,8.95 €,Novinky
Plovák Kompletní JMP,16.01 €,7.81 €,Novinky
Plovák Kompletní JMP,15.01 €,7.32 €,Novinky
Plovák Kompletní JMP,18.34 €,8.95 €,Novinky
WARNWESTE oranžová 6ON EN ISO20471 alternativa 2982264,4.16 €,2.70 €,Oblečení / Přilby
Warnweste gelb 6ON EN ISO 20471 alternativa 2982263,4.16 €,2.70 €,Oblečení / Přilby
Brýle Race Line 3201 bílá weiß,37.18 €,19.65 €,Oblečení / Přilby
Brýle Race Line 3201 červená rot,29.99 €,19.50 €,Oblečení / Přilby
Brýle Race Line 3201 černá schwarz,37.18 €,19.65 €,Oblečení / Přilby
Brýle Multilayered 3204 černá/modrá matt,68.08 €,35.98 €,Oblečení / Přilby
Brýle Multilayered 3204 černá/červená matt,68.08 €,35.98 €,Oblečení / Přilby
Brille Multilayered 3205 černá MATT/GE,88.10 €,46.56 €,Oblečení / Přilby
Brille Multilayered 3205 černá/BL MATT,88.10 €,46.56 €,Oblečení / Přilby
Brille Race Line 3300 gelb/grau,49.48 €,26.15 €,Oblečení / Přilby
Brille Race Line 3300 černá/WS,39.91 €,25.96 €,Oblečení / Přilby
Brille Multilayered 3303 černá/WS,86.67 €,45.80 €,Oblečení / Přilby
Brille Multilayered 3303 rot/blau,86.67 €,45.80 €,Oblečení / Přilby
Brille Multilayered 3206 černá/GE,100.12 €,52.91 €,Oblečení / Přilby
BRILLE MULTIL 3206 modrá/bílá blau/weiß,100.12 €,52.91 €,Oblečení / Přilby
Brille Multilayered 3201 černá/GE,44.91 €,23.73 €,Oblečení / Přilby
Brille Multilayered 3201 rot/weiß,44.91 €,23.73 €,Oblečení / Přilby
Brille Multilayered 3201 WS/černá,44.91 €,23.73 €,Oblečení / Přilby
BRILLE MULTIL 3201 červená rot,43.48 €,22.98 €,Oblečení / Přilby
BRILLE RACE LINE 3201 modrá blau,37.18 €,19.65 €,Oblečení / Přilby
Brille Multilayered 3201 černá,35.06 €,22.80 €,Oblečení / Přilby
Brille Multilayered 3200 grün/grau,103.55 €,54.72 €,Oblečení / Přilby
Brille Multilayered 3200 GN/černá,103.55 €,54.72 €,Oblečení / Přilby
Brille Multilayered 3200 WS/černá,103.55 €,54.72 €,Oblečení / Přilby
Brille Multilayered 3200 rot/weiß,103.55 €,54.72 €,Oblečení / Přilby
Brille Multilayered 3200 rosa/grün,103.55 €,54.72 €,Oblečení / Přilby
Brille Multilayered 3204 černá/ OR MATT,68.08 €,35.98 €,Oblečení / Přilby
Brille Multilayered 3204 černá /GE MATT,68.08 €,35.98 €,Oblečení / Přilby
Brille Multilayered 3204 černá /SI MATT,68.08 €,35.98 €,Oblečení / Přilby
Brille Multilayered 3201 grau,125.00 €,66.06 €,Oblečení / Přilby
Olej hydraulický BIO 46 20L VAL ULTRAMAX biologisch abbaubar,418.20 €,183.60 €,Oleje
Olej hydraulický HLP 10 20L LM,161.11 €,98.24 €,Oleje
Olej hydraulický HLP 22 20L VAL,231.07 €,101.44 €,Oleje
Olej hydraulický HLP 32 1L JMC extra,8.34 €,5.42 €,Oleje
Olej hydraulický HLP 32 5L JMC extra,41.03 €,26.69 €,Oleje
Olej hydraulický HLP 32 20L JMC extra,154.92 €,100.76 €,Oleje
Olej hydraulický HLP 46 1L JMC extra,8.34 €,5.42 €,Oleje
Olej hydraulický HLP 46 5L JMC extra,41.03 €,26.69 €,Oleje
Olej hydraulický HLP 46 20L JMC extra,153.14 €,99.60 €,Oleje
Olej hydraulický HLP 46 60L JMC extra,459.33 €,298.75 €,Oleje
Olej hydraulický HLP 68 1L JMC alternativa 5580441,5.72 €,3.72 €,Oleje
Olej hydraulický HLP 68 1L JMC extra,8.34 €,5.42 €,Oleje
Olej hydraulický HLP 68 5L JMC extra,41.03 €,26.69 €,Oleje
Olej hydraulický HLP 68 20L JMC extra,158.61 €,103.16 €,Oleje
Olej hydraulický HVLP 32 20L LM bei TEMPERATURSCHWANKUNG,207.64 €,135.05 €,Oleje
Spülflüssigkeit 5 Liter Klima ERG-FLUSH POE,164.75 €,93.09 €,Oleje
Olej PAG 46/YF 250ML JMC,12.55 €,6.63 €,Oleje
Olej PAG 100/YF 250ML JMC,12.55 €,6.63 €,Oleje
Olej PAG 150/YF 250MLJMC,12.55 €,6.63 €,Oleje
Olej KLIMA POE ND-11 250ML Denso,186.42 €,113.67 €,Oleje
Olej KLIMA PAG 46 500ML pro ASC-KLIMAGERAETE,40.59 €,26.40 €,Oleje
Olej KLIMA PAG 100 500ML pro ASC-KLIMAGERAETE,40.59 €,26.40 €,Oleje
Olej KLIMA PAG 150 500ML pro ASC-KLIMAGERAETE,40.59 €,26.40 €,Oleje
Olej KLIMA ND 8 500ML DENSO pro ASC-KLIMAGERAETE,154.54 €,100.51 €,Oleje
Olej KLIMA SPA2 500ML R1234YF pro ASC-KLIMAGERAET,404.06 €,262.80 €,Oleje
Additiv Kompressor 60ML Klima,23.90 €,13.50 €,Oleje
Olej KLIMA ND 12 500ML Denso R1234YF,359.78 €,234.00 €,Oleje
Olej KLIMA RB100 EV 150ML POE,164.21 €,106.80 €,Oleje
Kompressoröl MIN 1 Liter Blister VDL 100 Kolbenkompressor,39.40 €,27.23 €,Oleje
Kompressoröl SYN 1 Liter Blister Kolbenkompressor VDL 150,60.41 €,41.74 €,Oleje
Katalog So geht`s Autoglas kompakt,22.85 €,14.86 €,Podpora prodeje / katalogy
Katalog So geht`s Starterbatterie,22.85 €,14.86 €,Podpora prodeje / katalogy
Katalog So geht`s Autoglas spezial Autoglas Spezial,41.52 €,27.01 €,Podpora prodeje / katalogy
Katalog So geht`s Turbolader 1,22.85 €,14.86 €,Podpora prodeje / katalogy
Katalog So geht`s Turbolader 2,22.85 €,14.86 €,Podpora prodeje / katalogy
Katalog So geht`s Kettensteuertrieb,22.85 €,14.86 €,Podpora prodeje / katalogy
Katalog So geht`s Zahnriementrieb,22.85 €,14.86 €,Podpora prodeje / katalogy
Katalog So geht`s Achsvermessung,22.85 €,14.86 €,Podpora prodeje / katalogy
Katalog So geht`s Motorsteuerung,41.52 €,27.01 €,Podpora prodeje / katalogy
Katalog So geht`s Reifendruckkontrollsystem Erweiterung,41.52 €,27.01 €,Podpora prodeje / katalogy
Katalog So geht`s Klimaanlage. Prüfung SPEZIAL,41.52 €,27.01 €,Podpora prodeje / katalogy
Katalog So geht`s FRONTKAM. KALIBRIERUNG,22.85 €,14.86 €,Podpora prodeje / katalogy
Katalog So geht`s RADARSYST. KALIBRIEREN,22.85 €,14.86 €,Podpora prodeje / katalogy
Katalog So geht`s FUP UNTERWEISUNG,22.85 €,14.86 €,Podpora prodeje / katalogy
Katalog So geht`s GETRIEBEW.,22.85 €,14.86 €,Podpora prodeje / katalogy
Katalog So geht`s GETRIEBD,22.85 €,14.86 €,Podpora prodeje / katalogy
Katalog So geht`s LICHTS. LICHTSYSTEME EINSTELLEN,22.85 €,14.86 €,Podpora prodeje / katalogy
Katalog So geht`s BREMSENW.,22.85 €,14.86 €,Podpora prodeje / katalogy
Katalog So geht`s Kunststoff Reparatur,22.85 €,14.86 €,Podpora prodeje / katalogy
Katalog So geht`s Hochvolt Technik KOMPAKT,22.85 €,14.86 €,Podpora prodeje / katalogy
Test-Packung 3,41.01 €,26.67 €,Podpora prodeje / katalogy
JM AUFSTELL.NACHFUELLOEL,45.42 €,29.54 €,Podpora prodeje / katalogy
Display Scottoiler,15.38 €,10.00 €,Podpora prodeje / katalogy
VARTA THEKENDISPLAY LEER 8 HAKEN,-,-,Podpora prodeje / katalogy
Display Scottoiler,15.38 €,10.00 €,Podpora prodeje / katalogy
Prodejní stojan NGK obsah 240 kusů,43.91 €,28.56 €,Podpora prodeje / katalogy
Flyer Demo MARDERSCHOCK,-,-,Podpora prodeje / katalogy
Flyer A4 Stoßdämpfer FUER CAMPER obsah. 25STK,-,-,Podpora prodeje / katalogy
Flyer Roller E-CRUISE obsah. 20 STK,-,-,Podpora prodeje / katalogy
LCD PREISAUSZEICHNUNG žlutá 1160X240 MM počet 10 ks.,139.91 €,91.00 €,Podpora prodeje / katalogy
Airbox + kryt černá,60.98 €,29.75 €,Podvozek
Montážní sada univerzální červená UFX Honda,7.70 €,3.76 €,Podvozek
Montážní sada univerzální červená UFX Honda,7.70 €,3.76 €,Podvozek
Blatník přední UNI černá SM,29.88 €,14.57 €,Podvozek
Blatník přední UNI GN SM,16.17 €,10.52 €,Podvozek
Blatník přední UNI bílá,33.20 €,16.19 €,Podvozek
Blatník přední UNI GN,17.99 €,11.70 €,Podvozek
Blatník přední UNI černá,17.99 €,11.70 €,Podvozek
Blatník přední univerzální bílá SM Line,33.20 €,16.19 €,Podvozek
Blatník přední univerzální černá SM Line,33.20 €,16.19 €,Podvozek
Blatník přední univerzální oranžový SM Line,17.99 €,11.70 €,Podvozek
Blatník přední univerzální zelený 05 SM Line,33.20 €,16.19 €,Podvozek
Montážní sada univerzální červená UFX Honda,7.70 €,3.76 €,Podvozek
Blatník přední univerzální bílá Supermoto,29.88 €,14.57 €,Podvozek
Blatník přední univerzální červený 04 Supermoto,29.88 €,14.57 €,Podvozek
Blatník přední univerzální modrý 98 Supermoto,29.88 €,14.57 €,Podvozek
Blatník přední univerzální černý Supermoto,29.88 €,14.57 €,Podvozek
Blatník přední zelený 05,25.26 €,12.32 €,Podvozek
Blatník přední oranžový,25.26 €,12.32 €,Podvozek
Blatník přední červený 04,14.01 €,6.83 €,Podvozek
Blatník přední modrý 98,25.26 €,12.32 €,Podvozek
Blatník přední bílý,25.26 €,12.32 €,Podvozek
Blatník přední černá,25.26 €,12.32 €,Podvozek
Blatník přední bílý,25.26 €,12.32 €,Podvozek
Blatník přední černá,25.26 €,12.32 €,Podvozek
Blatník přední bílý,25.26 €,12.32 €,Podvozek
Blatník přední červený,25.26 €,12.32 €,Podvozek
Blatník přední bílý,25.26 €,12.32 €,Podvozek
Blatník přední oranžový,25.26 €,12.32 €,Podvozek
Blatník přední černá,25.26 €,12.32 €,Podvozek
Motor 3000W,374.09 €,212.90 €,Pohon
ACHSKOPFMANSCH sada UNI H 127 mm I-DM 19/60-85 mm,23.53 €,11.86 €,Pohon
Opravná sada diferenciálu All Balls Racing,53.54 €,34.82 €,Pohon
DIFF opravná sada zadní ABR,109.52 €,71.23 €,Pohon
DIFF opravná sada Kompletní ABR,88.39 €,57.49 €,Pohon
DIFF opravná sada Kompletní ABR,58.90 €,38.31 €,Pohon
DIFF opravná sada Kompletní ABR,87.92 €,57.18 €,Pohon
DIFF opravná sada zadní ABR,18.09 €,11.77 €,Pohon
Těsnění DIFF sada ABR,25.44 €,16.54 €,Pohon
Těsnění DIFF sada ABR,25.44 €,16.54 €,Pohon
Těsnění DIFF sada ABR,42.44 €,27.60 €,Pohon
Těsnění DIFF sada ABR,42.44 €,27.60 €,Pohon
Těsnění DIFF sada ABR,50.92 €,33.12 €,Pohon
DIFF opravná sada přední ABR,44.03 €,28.64 €,Pohon
DIFF opravná sada přední ABR,13.65 €,8.88 €,Pohon
DIFF opravná sada přední ABR,49.63 €,32.28 €,Pohon
DIFF opravná sada přední ABR,54.62 €,35.53 €,Pohon
DIFF opravná sada přední ABR,11.86 €,7.71 €,Pohon
DIFF opravná sada přední ABR,57.97 €,37.70 €,Pohon
DIFF opravná sada přední ABR,13.84 €,9.00 €,Pohon
DIFF opravná sada zadní ABR,16.95 €,11.02 €,Pohon
DIFF opravná sada zadní ABR,17.88 €,11.63 €,Pohon
DIFF opravná sada zadní ABR,47.05 €,30.60 €,Pohon
DIFF opravná sada zadní ABR,15.39 €,10.01 €,Pohon
DIFF opravná sada zadní ABR,46.68 €,30.36 €,Pohon
DIFF opravná sada zadní ABR,14.76 €,9.60 €,Pohon
DIFF opravná sada zadní ABR,41.39 €,26.92 €,Pohon
DIFF opravná sada zadní ABR,14.06 €,9.14 €,Pohon
DIFF opravná sada přední ABR,45.56 €,29.63 €,Pohon
DIFF opravná sada přední ABR,13.51 €,8.78 €,Pohon
Feuerlöscher 1 kg s DRUCKANZEIGER + HALTER,27.72 €,18.03 €,"Pracovní ochrané prostředky, první pomoc"
Feuerlöscher 2 kg s DRUCKANZEIGER + HALTER,50.15 €,32.61 €,"Pracovní ochrané prostředky, první pomoc"
Feuerlöscher CO2 5 kg KS5SE DIN EN 3,346.25 €,225.20 €,"Pracovní ochrané prostředky, první pomoc"
Feuerlöscher CO2 2 kg KS2SBS DIN EN 3,200.07 €,130.13 €,"Pracovní ochrané prostředky, první pomoc"
Feuerlöscher 6 kg Halterung 2280106,93.58 €,60.86 €,"Pracovní ochrané prostředky, první pomoc"
Halterung Feuerlöscher pro 2280105,48.71 €,31.68 €,"Pracovní ochrané prostředky, první pomoc"
FEUERLOESCHER-SCHRANK bílá 1.027 X 433 X 225 mm,400.11 €,260.23 €,"Pracovní ochrané prostředky, první pomoc"
Rauchmelder Longlife 3VLI Prüfspray 5572890,50.18 €,32.64 €,"Pracovní ochrané prostředky, první pomoc"
EINWEG OVERALL GR s WE 3M,14.64 €,10.71 €,"Pracovní ochrané prostředky, první pomoc"
Einweg-Overall Größe L weiß 3M,14.64 €,10.71 €,"Pracovní ochrané prostředky, první pomoc"
Einweg-Overall Größe XL weiß 3M,14.64 €,10.71 €,"Pracovní ochrané prostředky, první pomoc"
Einweg-Overall Größe XXL weiß,14.64 €,10.71 €,"Pracovní ochrané prostředky, první pomoc"
MEHRWEG OVERALL GR s 3M,57.40 €,42.00 €,"Pracovní ochrané prostředky, první pomoc"
Mehrweg-Overall Größe L 3M,57.40 €,42.00 €,"Pracovní ochrané prostředky, první pomoc"
Mehrweg-Overall Größe XL 3M,57.40 €,42.00 €,"Pracovní ochrané prostředky, první pomoc"
Mehrweg-Overall Größe XXL 3M,57.40 €,42.00 €,"Pracovní ochrané prostředky, první pomoc"
Lackieroverall Größe 42-44 EVOTEC za s LOGO PPG,32.48 €,21.13 €,"Pracovní ochrané prostředky, první pomoc"
Lackieroverall Größe 46-48 EVOTEC za s LOGO PPG,32.48 €,21.13 €,"Pracovní ochrané prostředky, první pomoc"
Lackieroverall Größe 50-52 EVOTEC za s LOGO PPG,32.48 €,21.13 €,"Pracovní ochrané prostředky, první pomoc"
Lackieroverall Größe 54-56 EVOTEC za s LOGO PPG,32.48 €,21.13 €,"Pracovní ochrané prostředky, první pomoc"
Lackieroverall Größe 58-60 EVOTEC za s LOGO PPG,32.48 €,21.13 €,"Pracovní ochrané prostředky, první pomoc"
MEHRWEG OVERALL GR.s 3M,60.09 €,43.97 €,"Pracovní ochrané prostředky, první pomoc"
Mehrweg-Overall Größe L 3M,60.09 €,43.97 €,"Pracovní ochrané prostředky, první pomoc"
Mehrweg-Overall Größe XL 3M,60.09 €,43.97 €,"Pracovní ochrané prostředky, první pomoc"
Mehrweg-Overall Größe 2XL 3M,60.09 €,43.97 €,"Pracovní ochrané prostředky, první pomoc"
Overall Mascot Größe L černá-BL,138.30 €,89.95 €,"Pracovní ochrané prostředky, první pomoc"
OVERALL MCT GR.s černá-BL,153.68 €,99.95 €,"Pracovní ochrané prostředky, první pomoc"
Overall Mascot Größe S černá-BL,153.68 €,99.95 €,"Pracovní ochrané prostředky, první pomoc"
Overall Mascot Größe XS černá-BL,153.68 €,99.95 €,"Pracovní ochrané prostředky, první pomoc"
Overall Mascot Größe XL KORNBL/černá-BL,138.30 €,89.95 €,"Pracovní ochrané prostředky, první pomoc"
ALARMANLAGE DEFCOM s+S Version 3.1B,317.22 €,180.53 €,"Příslušenství, různé"
ALARMANLAGE HPS 940 s+S mit Kabelsatz,239.95 €,136.56 €,"Příslušenství, různé"
Aretace brzdové páčky JMP,20.37 €,9.94 €,"Příslušenství, různé"
L-Schild ohne Befestigungssatz,4.77 €,2.33 €,"Příslušenství, různé"
L-Schild selbstklebend,1.34 €,0.65 €,"Příslušenství, různé"
L-Schild s BEFEST,10.42 €,5.08 €,"Příslušenství, různé"
Box na zapalovací svíčky JMP,6.01 €,2.93 €,"Příslušenství, různé"
Olejová nádobka 250 ml 250ML,4.70 €,2.29 €,"Příslušenství, různé"
Bombička CO2 set,16.40 €,6.67 €,"Příslušenství, různé"
Opravná sada pneumatik motocyklů,37.05 €,19.58 €,"Příslušenství, různé"
opravná+AIR TUBELESS P-SET,42.07 €,22.23 €,"Příslušenství, různé"
Sprej na opravu pneu 400ML JMC alternativa 5191374,12.64 €,6.68 €,"Příslušenství, různé"
Reifenpilot 300 ml Holts alternativa 5191218,13.07 €,7.44 €,"Příslušenství, různé"
Reifenpilot 400 ml Holts alternativa 5191218,17.98 €,10.23 €,"Příslušenství, různé"
Reifenpilot 500 ml Holts alternativa 5191218,24.13 €,13.73 €,"Příslušenství, různé"
Sprej na opravu pneumatik 300 ml Motul P3,15.29 €,7.46 €,"Příslušenství, různé"
Stecker 1-polig 18A 24V,9.37 €,4.57 €,"Příslušenství, různé"
Stecker Universal 8A,7.65 €,4.98 €,"Příslušenství, různé"
Bezpečnostní zásuvka univerzální,8.57 €,4.53 €,"Příslušenství, různé"
DIN úhlový adaptér,8.55 €,4.52 €,"Příslušenství, různé"
Winkelstecker 3A,24.48 €,12.94 €,"Příslušenství, různé"
Zásuvka se šroubovým připojením DIN ISO 4165,7.70 €,4.07 €,"Příslušenství, různé"
Startér/zásuvka pro nabíjení M+S veliký,19.26 €,10.96 €,"Příslušenství, různé"
Zásuvka USB 3A für Einbau,38.72 €,22.04 €,"Příslušenství, různé"
Zásuvka USB 3000 MA für Aufbau,38.54 €,21.93 €,"Příslušenství, různé"
Zásuvka DOPPEL USB für Aufbau 2X2500 MA,40.13 €,22.84 €,"Příslušenství, různé"
Spannungswandler 12V-5V USB 2.1A,15.72 €,8.95 €,"Příslušenství, různé"
Doppelsteckdose USB 12/12V 3600MA USB-A / USB-C,56.73 €,32.28 €,"Příslušenství, různé"
Doppelsteckdose USB ALBRECHT 2x USB-A MAX 2A IPX6,27.80 €,19.21 €,"Příslušenství, různé"
Doppelsteckdose USB ALBRECHT USB A+C 3A Quick Charge,33.85 €,24.77 €,"Příslušenství, různé"
Einsteck Schloss BM2 Ausrückhebel kurz,34.00 €,23.49 €,Přívěsy & užitkové automobily & nákladní automobil
Brinkmatic Schloss NUR pro ABNEHMB BRINK ZUGV,13.07 €,9.04 €,Přívěsy & užitkové automobily & nákladní automobil
Einsteck Schloss BM2 Ausrückhebel lang,34.00 €,23.49 €,Přívěsy & užitkové automobily & nákladní automobil
Verschlußstopfen BRINK BMA BMC BMM,17.04 €,11.08 €,Přívěsy & užitkové automobily & nákladní automobil
Brzdové TROMMEL ALKO 200X35 RA4X100 alternativa 3380757,176.01 €,114.48 €,Přívěsy & užitkové automobily & nákladní automobil
Brzdové TROMMEL ALKO 200X35 RA4X100 s LAGER,273.88 €,178.14 €,Přívěsy & užitkové automobily & nákladní automobil
Brzdové TROMMEL ALKO 160X35 RA4X100 s LAGER,165.72 €,121.26 €,Přívěsy & užitkové automobily & nákladní automobil
Brzdové TROMMEL ALKO 160X35 RA4X100 s LAGER,98.07 €,71.76 €,Přívěsy & užitkové automobily & nákladní automobil
Brzdové TROMMEL ALKO 160X35 RA5X112 s LAGER,165.72 €,121.26 €,Přívěsy & užitkové automobily & nákladní automobil
Brzdové TROMMEL ALKO 160X35 RA4X100 s LAGER,142.15 €,104.01 €,Přívěsy & užitkové automobily & nákladní automobil
Brzdové TROMMEL ALKO 200X50 RA5X112 RADL39/72X37MM,280.98 €,182.75 €,Přívěsy & užitkové automobily & nákladní automobil
Brzdové TROMMEL ALKO 200X50 RA5X112 RADL34/64X37MM,224.78 €,146.20 €,Přívěsy & užitkové automobily & nákladní automobil
Brzdové TROMMEL ALKO 230X60 RA5X112,383.29 €,249.30 €,Přívěsy & užitkové automobily & nákladní automobil
Brzdové TROMMEL ALKO 200X50 RA5X112 s LAGER,273.88 €,178.14 €,Přívěsy & užitkové automobily & nákladní automobil
Brzdové TROMMEL ALKO 200X50 RA5X112,176.01 €,114.48 €,Přívěsy & užitkové automobily & nákladní automobil
Brzdové TROMMEL BPW 200X50 RA112X5 Lagersitz 18 mm,125.68 €,81.74 €,Přívěsy & užitkové automobily & nákladní automobil
Brzdové TROMMEL BPW 200X50 RA112X5 Lagersitz 11 mm,234.24 €,152.35 €,Přívěsy & užitkové automobily & nákladní automobil
Brzdové TROMMEL BPW 250X40 5-Loch 112X5,270.66 €,176.04 €,Přívěsy & užitkové automobily & nákladní automobil
Brzdové TROMMEL KNOTT 200X50 2425-1 RA5X112,257.57 €,146.59 €,Přívěsy & užitkové automobily & nákladní automobil
Brzdové TROMMEL KNOTT 200X50 RA4X100,124.64 €,81.06 €,Přívěsy & užitkové automobily & nákladní automobil
Brzdové TROMMEL KNOTT 200X50 RA5X112,161.76 €,105.21 €,Přívěsy & užitkové automobily & nákladní automobil
Brzdové TROMMEL HUMB 200X50 RA5X112 W205RS,275.15 €,178.96 €,Přívěsy & užitkové automobily & nákladní automobil
Brzdové TROMMEL KNOTT 200X50 RA5X112,182.67 €,118.81 €,Přívěsy & užitkové automobily & nákladní automobil
Brzdové TROMMEL KNOTT 250X40 25-2025,407.09 €,264.78 €,Přívěsy & užitkové automobily & nákladní automobil
Brzdové TROMMEL KNOTT 200X50 2425-1 RA5X112,257.57 €,146.59 €,Přívěsy & užitkové automobily & nákladní automobil
Brzdové TROMMEL KNOTT 200X50 RA4X100,124.64 €,81.06 €,Přívěsy & užitkové automobily & nákladní automobil
Brzdové TROMMEL KNOTT 200X50 RA5X112,161.76 €,105.21 €,Přívěsy & užitkové automobily & nákladní automobil
Brzdové TROMMEL KNOTT 200X50 2425-1 RA5X112,257.57 €,146.59 €,Přívěsy & užitkové automobily & nákladní automobil
Brzdové TROMMEL KNOTT 200X50 RA4X100,124.64 €,81.06 €,Přívěsy & užitkové automobily & nákladní automobil
Brzdové TROMMEL KNOTT 200X50 RA5X112,161.76 €,105.21 €,Přívěsy & užitkové automobily & nákladní automobil
Startovací zdroj GB40 12V 1000A Noco,133.68 €,76.08 €,Vybavení dílen
Startovací zdroj GB150 12V 3000A Noco,391.52 €,254.65 €,Vybavení dílen
Starthilfegerät GBX45 12V 1250A Noco,197.05 €,112.14 €,Vybavení dílen
Starthilfegerät GBX55 12V 1750A Noco,268.73 €,152.94 €,Vybavení dílen
Starthilfegerät GBX75 12V 2500A Noco,336.91 €,219.13 €,Vybavení dílen
Starthilfegerät GBX155 12V 4250A Noco,491.89 €,319.93 €,Vybavení dílen
Skan Boost 4000 JMP Lithium-Ionen Starthilfe 12V,511.48 €,332.67 €,Vybavení dílen
Skan Boost 10000 JMP Lithium-Ionen Starthilfe 12/24V,1 012.18 €,658.33 €,Vybavení dílen
Starthilfegerät 12V 700A GYSPACK za 800,627.87 €,408.37 €,Vybavení dílen
Starthilfegerät 12/24V GYS STARTPACK 12.24 CI,1 366.33 €,888.67 €,Vybavení dílen
Starthilfegerät 12/24V GYS STARTPACK za 12.24CI,2 192.48 €,1 426.00 €,Vybavení dílen
Starthilfegerät 12V 800A Kondensatortechnik,413.08 €,268.67 €,Vybavení dílen
Starthilfegerät 12V 1650A MBO_MINI_G7EVO,391.44 €,254.59 €,Vybavení dílen
Bordnetz Spannungshalter pro BATTERIETAUSCH,20.92 €,14.46 €,Vybavení dílen
Lade-/Datenkabel Micro-USB 1.5M černá HAMA,12.40 €,8.57 €,Vybavení dílen
Ladegerät Micro-USB,19.16 €,12.46 €,Vybavení dílen
Ladegerät 230V für Booster 6093303,59.78 €,38.88 €,Vybavení dílen
ADAPTOR EYELET CABLE NOCO GB20/GB40/G750/G1100/G350,38.03 €,21.64 €,Vybavení dílen
Netzteil Noco 56W pro GB70/GB150,78.97 €,51.36 €,Vybavení dílen
LADEKABEL s KLEMMEN NOCO für GB20 GB40 GBX45,38.03 €,21.64 €,Vybavení dílen
Netzteil Noco 65W für GBX 45/55/75/155,85.80 €,55.81 €,Vybavení dílen
Netzteil 12V 1A pro JMP SKAN BOOST 4000,32.79 €,21.33 €,Vybavení dílen
Dockingstation JMP pro SKAN BOOST 10000,83.03 €,54.00 €,Vybavení dílen
Dockingstation JMP pro SKAN BOOST 4000,62.37 €,40.57 €,Vybavení dílen
Ladegerät ASM 12/500 - ASM 12/800,112.77 €,73.34 €,Vybavení dílen
Ladegerät ASM 12-24/1520+12-24/1600,181.56 €,118.09 €,Vybavení dílen
Ersatzakku ASM 12/500,270.96 €,176.23 €,Vybavení dílen
Ersatzakku ASM 12/760-ASM 12-24/1600,408.22 €,265.51 €,Vybavení dílen
Pojistky 300A pro KUNZER MOTORSTARTER,16.91 €,11.00 €,Vybavení dílen
Pojistky 500A pro KUNZER MOTORSTARTER,16.91 €,11.00 €,Vybavení dílen
Schlitzmutter 14442 JMP balení 10 ks.,9.66 €,4.71 €,Výfukový systém - díly
Šroub M10 x 1.5X30MM,3.31 €,1.61 €,Výfukový systém - díly
Šroub Výfuk JMP M6 obsah 10 ks.,11.91 €,5.81 €,Výfukový systém - díly
Nýt Koncovka výfuku Gasdicht Alternative: 7821033,1.09 €,0.71 €,Výfukový systém - díly
NIETE Tlumič výfuku sada GASDICHT obsah 20,6.89 €,3.92 €,Výfukový systém - díly
Výfuk Pružina JMP 60MM obsah 4 ks.,10.55 €,5.15 €,Výfukový systém - díly
Výfuk Pružina JMP 60 mm,11.03 €,5.38 €,Výfukový systém - díly
Pružina výfuku JMP 57 mm obsahuje 4 kusy,9.89 €,4.82 €,Výfukový systém - díly
Pružina výfuku JMP 75 mm obsahuje 4 kusy,9.69 €,4.73 €,Výfukový systém - díly
Pružina výfuku JMP 83MM obsahuje 4 kusy,9.69 €,4.73 €,Výfukový systém - díly
Pružina výfuku JMP 90 mm obsahuje 4 kusy,15.42 €,7.52 €,Výfukový systém - díly
Pružina výfuku JMP 99MM obsahuje 4 kusy,14.50 €,7.07 €,Výfukový systém - díly
Pružina výfuku JMP 80 mm,11.03 €,5.38 €,Výfukový systém - díly
Šroub STIFT M8X1.25X55MM,1.86 €,0.91 €,Výfukový systém - díly
Šroub STIFT M8X1.25X40MM,2.29 €,1.12 €,Výfukový systém - díly
SCHR VENTD OE,7.42 €,4.82 €,Výfukový systém - díly
STEHBOLZEN sada Tlumič výfuku Naraku M6X32 MM,6.22 €,3.04 €,Výfukový systém - díly
STEHBOLZEN sada Tlumič výfuku Naraku M6/M7X30 mm,6.79 €,3.31 €,Výfukový systém - díly
STEHBOLZEN Tlumič výfuku 101 Octane M6X27 mm,3.69 €,1.80 €,Výfukový systém - díly
STEHBOLZEN sada JMP 5/16-18 auf 5/16-24,17.31 €,8.44 €,Výfukový systém - díly
STEHBOLZEN Tlumič výfuku JMP M6X27 mm,3.51 €,1.71 €,Výfukový systém - díly
STEHBOLZEN Tlumič výfuku originální díl M7X37 mm,2.71 €,1.76 €,Výfukový systém - díly
STEHBOLZEN Tlumič výfuku,3.44 €,1.68 €,Výfukový systém - díly
STEHBOLZEN Tlumič výfuku originální díl alternativa 7821095,4.03 €,2.62 €,Výfukový systém - díly
STEHBOLZEN Tlumič výfuku originální díl M8X24 mm,9.11 €,5.93 €,Výfukový systém - díly
STEHBOLZEN Tlumič výfuku originální díl M8X22 mm,3.32 €,2.16 €,Výfukový systém - díly
STEHBOLZEN Tlumič výfuku originální díl M8X42 mm,4.44 €,2.89 €,Výfukový systém - díly
STEHBOLZEN Tlumič výfuku originální díl M8X36.5 mm,4.35 €,2.83 €,Výfukový systém - díly
STEHBOLZEN Tlumič výfuku originální díl siehe 7821098 01/25,3.19 €,2.07 €,Výfukový systém - díly
STEHBOLZEN Tlumič výfuku alternativa 7821081,6.32 €,3.08 €,Výfukový systém - díly
Světlo HECK pravý,74.05 €,48.16 €,Výprodej zboží
SCHWEINW HAUPT pravý MQ,832.45 €,541.43 €,Výprodej zboží
Světlomet HAUPT levý MQ,180.56 €,117.44 €,Výprodej zboží
Světlo HECK pravý MQ,220.02 €,143.10 €,Výprodej zboží
Světlomet mlhovka MQ,71.51 €,46.51 €,Výprodej zboží
Světlo HECK levý MQ,96.41 €,62.70 €,Výprodej zboží
Světlo HECK,145.87 €,94.87 €,Výprodej zboží
Světlo HECK,97.54 €,63.44 €,Výprodej zboží
Světlomet HAUPT MQ,602.56 €,391.91 €,Výprodej zboží
Světlo HECK pravý MQ,-,-,Výprodej zboží
Přerušovací relé ARBEITSSTROM,51.11 €,33.24 €,Výprodej zboží
Widerstand Gebläse MQ alternativa 1080466,16.85 €,10.96 €,Výprodej zboží
Regulátor GEBLAESE INNEN ID läuft aus 1123,158.09 €,102.82 €,Výprodej zboží
Einspritzdüse Austauschteil,459.23 €,298.69 €,Výprodej zboží
ABSCHALTVOR EINSPR ANLAGE,170.06 €,110.61 €,Výprodej zboží
Zapalovací VERTEILER AT,117.02 €,76.11 €,Výprodej zboží
Zapalovací cívka MQ,150.37 €,97.80 €,Výprodej zboží
Zapalovací cívka MQ,52.02 €,33.83 €,Výprodej zboží
Zapalovací cívka,38.93 €,25.32 €,Výprodej zboží
Zapalovací LEIT sada,41.77 €,27.17 €,Výprodej zboží
Alternátor AT,345.94 €,225.00 €,Výprodej zboží
Alternátor AT,387.45 €,252.00 €,Výprodej zboží
Alternátor,227.50 €,147.97 €,Výprodej zboží
Alternátor ID AT,221.29 €,143.93 €,Výprodej zboží
Alternátor,165.59 €,107.70 €,Výprodej zboží
Startér NEUTEIL,370.48 €,240.96 €,Výprodej zboží
Alternátor NEUTEIL,329.32 €,214.19 €,Výprodej zboží
Startér,135.79 €,88.32 €,Výprodej zboží
Alternátor,297.23 €,193.32 €,Výprodej zboží
Startér NEUTEIL,309.60 €,201.37 €,Výprodej zboží
